Workbook

Sheet V_ESTOQUE_PROD_CONTAGEM_00_ITEN
A1: PRODUTO | B1: COR_PRODUTO | C1: NOME_CONTAGEM | D1: Coleção | E1: QTDE_CONTAGEM | F1: CONTAGEM | G1: DIFERENCA_TOTAL | H1: U | I1: 34 | J1: 35 | K1: 36 | L1: 37 | M1: 38 | N1: 39 | O1: 40 | P1: P | Q1: M | R1: G | S1: GG | T1: Q13 | U1: Q14 | V1: Q15 | W1: Q16 | X1: Q17 | Y1: Q18 | Z1: Q19 | AA1: Q20 | AB1: Q21 | AC1: Q22 | AD1: Q23 | AE1: Q24 | AF1: Q25 | AG1: Q26 | AH1: Q27 | AI1: Q28 | AJ1: Q29 | AK1: Q30 | AL1: Q31 | AM1: Q32 | AN1: Q33 | AO1: Q34 | AP1: Q35 | AQ1: Q36 | AR1: Q37 | AS1: Q38 | AT1: Q39 | AU1: Q40 | AV1: Q41 | AW1: Q42 | AX1: Q43 | AY1: Q44 | AZ1: Q45 | BA1: Q46 | BB1: Q47 | BC1: Q48 | BD1: S1 | BE1: S2 | BF1: S3 | BG1: S4 | BH1: S5 | BI1: S6 | BJ1: S7 | BK1: S8 | BL1: S9 | BM1: S10 | BN1: S11 | BO1: S12 | BP1: S13 | BQ1: S14 | BR1: S15 | BS1: S16 | BT1: S17 | BU1: S18 | BV1: S19 | BW1: S20 | BX1: S21 | BY1: S22 | BZ1: S23 | CA1: S24 | CB1: S25 | CC1: S26 | CD1: S27 | CE1: S28 | CF1: S29 | CG1: S30 | CH1: S31 | CI1: S32 | CJ1: S33 | CK1: S34 | CL1: S35 | CM1: S36 | CN1: S37 | CO1: S38 | CP1: S39 | CQ1: S40 | CR1: S41 | CS1: S42 | CT1: S43 | CU1: S44 | CV1: S45 | CW1: S46 | CX1: S47 | CY1: S48 | CZ1: DESC_PRODUTO | DA1: GRUPO_PRODUTO | DB1: SUBGRUPO_PRODUTO | DC1: GRADE | DD1: UNIDADE | DE1: PESO | DF1: REVENDA | DG1: DESC_COR_PRODUTO | DH1: COR_SORTIDA | DI1: COR_FABRICANTE | DJ1: REFER_FABRICANTE | DK1: D1 | DL1: D2 | DM1: D3 | DN1: D4 | DO1: D5 | DP1: D6 | DQ1: D7 | DR1: D8 | DS1: D9 | DT1: D10 | DU1: D11 | DV1: D12 | DW1: D13 | DX1: D14 | DY1: D15 | DZ1: D16 | EA1: D17 | EB1: D18 | EC1: D19 | ED1: D20 | EE1: D21 | EF1: D22 | EG1: D23 | EH1: D24 | EI1: D25 | EJ1: D26 | EK1: D27 | EL1: D28 | EM1: D29 | EN1: D30 | EO1: D31 | EP1: D32 | EQ1: D33 | ER1: D34 | ES1: D35 | ET1: D36 | EU1: D37 | EV1: D38 | EW1: D39 | EX1: D40 | EY1: D41 | EZ1: D42 | FA1: D43 | FB1: D44 | FC1: D45 | FD1: D46 | FE1: D47 | FF1: D48 | FG1: PONTEIRO_PRECO_TAM | FH1: VARIA_PRECO_COR | FI1: VARIA_PRECO_TAM | FJ1: CUSTO_REPOSICAO1 | FK1: CUSTO_REPOSICAO2 | FL1: CUSTO_REPOSICAO3 | FM1: CUSTO_REPOSICAO4 | FN1: CUSTO_MEDIO1 | FO1: CUSTO_MEDIO2 | FP1: CUSTO_MEDIO3 | FQ1: CUSTO_MEDIO4 | FR1: CUSTO4_A_VALORIZAR | FS1: CUSTO3_A_VALORIZAR | FT1: CUSTO2_A_VALORIZAR | FU1: CUSTO1_A_VALORIZAR | FV1: VALOR_CONTAGEM_DIFERENCA | FW1: ESTOQUE_CONTAGEM | FX1: ES1 | FY1: ES2 | FZ1: ES3 | GA1: ES4 | GB1: ES5 | GC1: ES6 | GD1: ES7 | GE1: ES8 | GF1: ES9 | GG1: ES10 | GH1: ES11 | GI1: ES12 | GJ1: ES13 | GK1: ES14 | GL1: ES15 | GM1: ES16 | GN1: ES17 | GO1: ES18 | GP1: ES19 | GQ1: ES20 | GR1: ES21 | GS1: ES22 | GT1: ES23 | GU1: ES24 | GV1: ES25 | GW1: ES26 | GX1: ES27 | GY1: ES28 | GZ1: ES29 | HA1: ES30 | HB1: ES31 | HC1: ES32 | HD1: ES33 | HE1: ES34 | HF1: ES35 | HG1: ES36 | HH1: ES37 | HI1: ES38 | HJ1: ES39 | HK1: ES40 | HL1: ES41 | HM1: ES42 | HN1: ES43 | HO1: ES44 | HP1: ES45 | HQ1: ES46 | HR1: ES47 | HS1: ES48 | HT1: DIFERENCA
A2: 37221 | B2: 30 | C2: AJUSTES INICIAIL 0103 | E2: 13 | F2: 13 | G2: =E2-F2 -> 0 | H2: 0 | I2: 3 | J2: 1 | K2: 0 | L2: 2 | M2: 4 | N2: 3 | O2: 0 | P2: 0 | Q2: 0 | R2: 0 | S2: 0 | T2: 0 | U2: 0 | V2: 0 | W2: 0 | X2: 0 | Y2: 0 | Z2: 0 | AA2: 0 | AB2: 0 | AC2: 0 | AD2: 0 | AE2: 0 | AF2: 0 | AG2: 0 | AH2: 0 | AI2: 0 | AJ2: 0 | AK2: 0 | AL2: 0 | AM2: 0 | AN2: 0 | AO2: 0 | AP2: 0 | AQ2: 0 | AR2: 0 | AS2: 0 | AT2: 0 | AU2: 0 | AV2: 0 | AW2: 0 | AX2: 0 | AY2: 0 | AZ2: 0 | BA2: 0 | BB2: 0 | BC2: 0 | BD2: 0 | BE2: 0 | BF2: 0 | BG2: 0 | BH2: 0 | BI2: 0 | BJ2: 0 | BK2: 0 | BL2: 0 | BM2: 0 | BN2: 0 | BO2: 0 | BP2: 0 | BQ2: 0 | BR2: 0 | BS2: 0 | BT2: 0 | BU2: 0 | BV2: 0 | BW2: 0 | BX2: 0 | BY2: 0 | BZ2: 0 | CA2: 0 | CB2: 0 | CC2: 0 | CD2: 0 | CE2: 0 | CF2: 0 | CG2: 0 | CH2: 0 | CI2: 0 | CJ2: 0 | CK2: 0 | CL2: 0 | CM2: 0 | CN2: 0 | CO2: 0 | CP2: 0 | CQ2: 0 | CR2: 0 | CS2: 0 | CT2: 0 | CU2: 0 | CV2: 0 | CW2: 0 | CX2: 0 | CY2: 0 | CZ2: SANDALIA MEIA PATA JOSY NOBUCK BEBECE 50 | DA2: CALCADOS | DB2: SANDALIA MEIA PATA | DC2: CALCADOS 33 - 40 | DD2: PAR | DE2: 0.30100000 | DF2: .T. | DG2: CAMEL | DH2: .F. | DJ2: 5020127 | DK2: 0 | DL2: 3 | DM2: 1 | DN2: 0 | DO2: 2 | DP2: 4 | DQ2: 3 | DR2: 0 | DS2: 0 | DT2: 0 | DU2: 0 | DV2: 0 | DW2: 0 | DX2: 0 | DY2: 0 | DZ2: 0 | EA2: 0 | EB2: 0 | EC2: 0 | ED2: 0 | EE2: 0 | EF2: 0 | EG2: 0 | EH2: 0 | EI2: 0 | EJ2: 0 | EK2: 0 | EL2: 0 | EM2: 0 | EN2: 0 | EO2: 0 | EP2: 0 | EQ2: 0 | ER2: 0 | ES2: 0 | ET2: 0 | EU2: 0 | EV2: 0 | EW2: 0 | EX2: 0 | EY2: 0 | EZ2: 0 | FA2: 0 | FB2: 0 | FC2: 0 | FD2: 0 | FE2: 0 | FF2: 0 | FG2: 1.1111111e+47 | FH2: .F. | FI2: .F. | FJ2: 0 | FK2: 0 | FL2: 0 | FM2: 0 | FN2: 0 | FO2: 0 | FP2: 0 | FQ2: 0 | FR2: 0 | FS2: 0 | FT2: 0 | FU2: 0 | FV2: 0 | FW2: (nulo) | FX2: (nulo) | FY2: (nulo) | FZ2: (nulo) | GA2: (nulo) | GB2: (nulo) | GC2: (nulo) | GD2: (nulo) | GE2: (nulo) | GF2: (nulo) | GG2: (nulo) | GH2: (nulo) | GI2: (nulo) | GJ2: (nulo) | GK2: (nulo) | GL2: (nulo) | GM2: (nulo) | GN2: 0 | GO2: 0 | GP2: 0 | GQ2: 0 | GR2: 0 | GS2: 0 | GT2: 0 | GU2: 0 | GV2: 0 | GW2: 0 | GX2: 0 | GY2: 0 | GZ2: 0 | HA2: 0 | HB2: 0 | HC2: 0 | HD2: 0 | HE2: 0 | HF2: 0 | HG2: 0 | HH2: 0 | HI2: 0 | HJ2: 0 | HK2: 0 | HL2: 0 | HM2: 0 | HN2: 0 | HO2: 0 | HP2: 0 | HQ2: 0 | HR2: 0 | HS2: 0 | HT2: 0
A3: 37221 | B3: 2 | C3: AJUSTES INICIAIL 0103 | E3: 1 | F3: 1 | G3: =E3-F3 -> 0 | H3: 0 | I3: 0 | J3: 0 | K3: 0 | L3: 1 | M3: 0 | N3: 0 | O3: 0 | P3: 0 | Q3: 0 | R3: 0 | S3: 0 | T3: 0 | U3: 0 | V3: 0 | W3: 0 | X3: 0 | Y3: 0 | Z3: 0 | AA3: 0 | AB3: 0 | AC3: 0 | AD3: 0 | AE3: 0 | AF3: 0 | AG3: 0 | AH3: 0 | AI3: 0 | AJ3: 0 | AK3: 0 | AL3: 0 | AM3: 0 | AN3: 0 | AO3: 0 | AP3: 0 | AQ3: 0 | AR3: 0 | AS3: 0 | AT3: 0 | AU3: 0 | AV3: 0 | AW3: 0 | AX3: 0 | AY3: 0 | AZ3: 0 | BA3: 0 | BB3: 0 | BC3: 0 | BD3: 0 | BE3: 0 | BF3: 0 | BG3: 0 | BH3: 0 | BI3: 0 | BJ3: 0 | BK3: 0 | BL3: 0 | BM3: 0 | BN3: 0 | BO3: 0 | BP3: 0 | BQ3: 0 | BR3: 0 | BS3: 0 | BT3: 0 | BU3: 0 | BV3: 0 | BW3: 0 | BX3: 0 | BY3: 0 | BZ3: 0 | CA3: 0 | CB3: 0 | CC3: 0 | CD3: 0 | CE3: 0 | CF3: 0 | CG3: 0 | CH3: 0 | CI3: 0 | CJ3: 0 | CK3: 0 | CL3: 0 | CM3: 0 | CN3: 0 | CO3: 0 | CP3: 0 | CQ3: 0 | CR3: 0 | CS3: 0 | CT3: 0 | CU3: 0 | CV3: 0 | CW3: 0 | CX3: 0 | CY3: 0 | CZ3: SANDALIA MEIA PATA JOSY NOBUCK BEBECE 50 | DA3: CALCADOS | DB3: SANDALIA MEIA PATA | DC3: CALCADOS 33 - 40 | DD3: PAR | DE3: 0.30100000 | DF3: .T. | DG3: PRETA | DH3: .F. | DJ3: 5020127 | DK3: 0 | DL3: 0 | DM3: 0 | DN3: 0 | DO3: 1 | DP3: 0 | DQ3: 0 | DR3: 0 | DS3: 0 | DT3: 0 | DU3: 0 | DV3: 0 | DW3: 0 | DX3: 0 | DY3: 0 | DZ3: 0 | EA3: 0 | EB3: 0 | EC3: 0 | ED3: 0 | EE3: 0 | EF3: 0 | EG3: 0 | EH3: 0 | EI3: 0 | EJ3: 0 | EK3: 0 | EL3: 0 | EM3: 0 | EN3: 0 | EO3: 0 | EP3: 0 | EQ3: 0 | ER3: 0 | ES3: 0 | ET3: 0 | EU3: 0 | EV3: 0 | EW3: 0 | EX3: 0 | EY3: 0 | EZ3: 0 | FA3: 0 | FB3: 0 | FC3: 0 | FD3: 0 | FE3: 0 | FF3: 0 | FG3: 1.1111111e+47 | FH3: .F. | FI3: .F. | FJ3: 0 | FK3: 0 | FL3: 0 | FM3: 0 | FN3: 0 | FO3: 0 | FP3: 0 | FQ3: 0 | FR3: 0 | FS3: 0 | FT3: 0 | FU3: 0 | FV3: 0 | FW3: (nulo) | FX3: (nulo) | FY3: (nulo) | FZ3: (nulo) | GA3: (nulo) | GB3: (nulo) | GC3: (nulo) | GD3: (nulo) | GE3: (nulo) | GF3: (nulo) | GG3: (nulo) | GH3: (nulo) | GI3: (nulo) | GJ3: (nulo) | GK3: (nulo) | GL3: (nulo) | GM3: (nulo) | GN3: 0 | GO3: 0 | GP3: 0 | GQ3: 0 | GR3: 0 | GS3: 0 | GT3: 0 | GU3: 0 | GV3: 0 | GW3: 0 | GX3: 0 | GY3: 0 | GZ3: 0 | HA3: 0 | HB3: 0 | HC3: 0 | HD3: 0 | HE3: 0 | HF3: 0 | HG3: 0 | HH3: 0 | HI3: 0 | HJ3: 0 | HK3: 0 | HL3: 0 | HM3: 0 | HN3: 0 | HO3: 0 | HP3: 0 | HQ3: 0 | HR3: 0 | HS3: 0 | HT3: 0
A4: 37691 | B4: 8078 | C4: AJUSTES INICIAIL 0103 | E4: 10 | F4: 10 | G4: =E4-F4 -> 0 | H4: 4 | I4: 4 | J4: 2 | K4: 0 | L4: 0 | M4: 0 | N4: 0 | O4: 0 | P4: 0 | Q4: 0 | R4: 0 | S4: 0 | T4: 0 | U4: 0 | V4: 0 | W4: 0 | X4: 0 | Y4: 0 | Z4: 0 | AA4: 0 | AB4: 0 | AC4: 0 | AD4: 0 | AE4: 0 | AF4: 0 | AG4: 0 | AH4: 0 | AI4: 0 | AJ4: 0 | AK4: 0 | AL4: 0 | AM4: 0 | AN4: 0 | AO4: 0 | AP4: 0 | AQ4: 0 | AR4: 0 | AS4: 0 | AT4: 0 | AU4: 0 | AV4: 0 | AW4: 0 | AX4: 0 | AY4: 0 | AZ4: 0 | BA4: 0 | BB4: 0 | BC4: 0 | BD4: 0 | BE4: 0 | BF4: 0 | BG4: 0 | BH4: 0 | BI4: 0 | BJ4: 0 | BK4: 0 | BL4: 0 | BM4: 0 | BN4: 0 | BO4: 0 | BP4: 0 | BQ4: 0 | BR4: 0 | BS4: 0 | BT4: 0 | BU4: 0 | BV4: 0 | BW4: 0 | BX4: 0 | BY4: 0 | BZ4: 0 | CA4: 0 | CB4: 0 | CC4: 0 | CD4: 0 | CE4: 0 | CF4: 0 | CG4: 0 | CH4: 0 | CI4: 0 | CJ4: 0 | CK4: 0 | CL4: 0 | CM4: 0 | CN4: 0 | CO4: 0 | CP4: 0 | CQ4: 0 | CR4: 0 | CS4: 0 | CT4: 0 | CU4: 0 | CV4: 0 | CW4: 0 | CX4: 0 | CY4: 0 | CZ4: TENIS HERICA NAPA THEORIA 080 | DA4: CALCADOS | DB4: TENIS | DC4: CALCADOS 34 - 40 | DD4: PAR | DE4: 0.55000000 | DF4: .T. | DG4: BRANCO COTTON | DH4: .F. | DJ4: 80 | DK4: 4 | DL4: 4 | DM4: 2 | DN4: 0 | DO4: 0 | DP4: 0 | DQ4: 0 | DR4: 0 | DS4: 0 | DT4: 0 | DU4: 0 | DV4: 0 | DW4: 0 | DX4: 0 | DY4: 0 | DZ4: 0 | EA4: 0 | EB4: 0 | EC4: 0 | ED4: 0 | EE4: 0 | EF4: 0 | EG4: 0 | EH4: 0 | EI4: 0 | EJ4: 0 | EK4: 0 | EL4: 0 | EM4: 0 | EN4: 0 | EO4: 0 | EP4: 0 | EQ4: 0 | ER4: 0 | ES4: 0 | ET4: 0 | EU4: 0 | EV4: 0 | EW4: 0 | EX4: 0 | EY4: 0 | EZ4: 0 | FA4: 0 | FB4: 0 | FC4: 0 | FD4: 0 | FE4: 0 | FF4: 0 | FG4: 1.1111111e+47 | FH4: .F. | FI4: .F. | FJ4: 0 | FK4: 0 | FL4: 0 | FM4: 0 | FN4: 0 | FO4: 0 | FP4: 0 | FQ4: 0 | FR4: 0 | FS4: 0 | FT4: 0 | FU4: 0 | FV4: 0 | FW4: (nulo) | FX4: (nulo) | FY4: (nulo) | FZ4: (nulo) | GA4: (nulo) | GB4: (nulo) | GC4: (nulo) | GD4: (nulo) | GE4: (nulo) | GF4: (nulo) | GG4: (nulo) | GH4: (nulo) | GI4: (nulo) | GJ4: (nulo) | GK4: (nulo) | GL4: (nulo) | GM4: (nulo) | GN4: 0 | GO4: 0 | GP4: 0 | GQ4: 0 | GR4: 0 | GS4: 0 | GT4: 0 | GU4: 0 | GV4: 0 | GW4: 0 | GX4: 0 | GY4: 0 | GZ4: 0 | HA4: 0 | HB4: 0 | HC4: 0 | HD4: 0 | HE4: 0 | HF4: 0 | HG4: 0 | HH4: 0 | HI4: 0 | HJ4: 0 | HK4: 0 | HL4: 0 | HM4: 0 | HN4: 0 | HO4: 0 | HP4: 0 | HQ4: 0 | HR4: 0 | HS4: 0 | HT4: 0
A5: 37691 | B5: 7960 | C5: AJUSTES INICIAIL 0103 | E5: 8 | F5: 8 | G5: =E5-F5 -> 0 | H5: 3 | I5: 5 | J5: 0 | K5: 0 | L5: 0 | M5: 0 | N5: 0 | O5: 0 | P5: 0 | Q5: 0 | R5: 0 | S5: 0 | T5: 0 | U5: 0 | V5: 0 | W5: 0 | X5: 0 | Y5: 0 | Z5: 0 | AA5: 0 | AB5: 0 | AC5: 0 | AD5: 0 | AE5: 0 | AF5: 0 | AG5: 0 | AH5: 0 | AI5: 0 | AJ5: 0 | AK5: 0 | AL5: 0 | AM5: 0 | AN5: 0 | AO5: 0 | AP5: 0 | AQ5: 0 | AR5: 0 | AS5: 0 | AT5: 0 | AU5: 0 | AV5: 0 | AW5: 0 | AX5: 0 | AY5: 0 | AZ5: 0 | BA5: 0 | BB5: 0 | BC5: 0 | BD5: 0 | BE5: 0 | BF5: 0 | BG5: 0 | BH5: 0 | BI5: 0 | BJ5: 0 | BK5: 0 | BL5: 0 | BM5: 0 | BN5: 0 | BO5: 0 | BP5: 0 | BQ5: 0 | BR5: 0 | BS5: 0 | BT5: 0 | BU5: 0 | BV5: 0 | BW5: 0 | BX5: 0 | BY5: 0 | BZ5: 0 | CA5: 0 | CB5: 0 | CC5: 0 | CD5: 0 | CE5: 0 | CF5: 0 | CG5: 0 | CH5: 0 | CI5: 0 | CJ5: 0 | CK5: 0 | CL5: 0 | CM5: 0 | CN5: 0 | CO5: 0 | CP5: 0 | CQ5: 0 | CR5: 0 | CS5: 0 | CT5: 0 | CU5: 0 | CV5: 0 | CW5: 0 | CX5: 0 | CY5: 0 | CZ5: TENIS HERICA NAPA THEORIA 080 | DA5: CALCADOS | DB5: TENIS | DC5: CALCADOS 34 - 40 | DD5: PAR | DE5: 0.55000000 | DF5: .T. | DG5: BRANCO BISCUIT | DH5: .F. | DJ5: 80 | DK5: 3 | DL5: 5 | DM5: 0 | DN5: 0 | DO5: 0 | DP5: 0 | DQ5: 0 | DR5: 0 | DS5: 0 | DT5: 0 | DU5: 0 | DV5: 0 | DW5: 0 | DX5: 0 | DY5: 0 | DZ5: 0 | EA5: 0 | EB5: 0 | EC5: 0 | ED5: 0 | EE5: 0 | EF5: 0 | EG5: 0 | EH5: 0 | EI5: 0 | EJ5: 0 | EK5: 0 | EL5: 0 | EM5: 0 | EN5: 0 | EO5: 0 | EP5: 0 | EQ5: 0 | ER5: 0 | ES5: 0 | ET5: 0 | EU5: 0 | EV5: 0 | EW5: 0 | EX5: 0 | EY5: 0 | EZ5: 0 | FA5: 0 | FB5: 0 | FC5: 0 | FD5: 0 | FE5: 0 | FF5: 0 | FG5: 1.1111111e+47 | FH5: .F. | FI5: .F. | FJ5: 0 | FK5: 0 | FL5: 0 | FM5: 0 | FN5: 0 | FO5: 0 | FP5: 0 | FQ5: 0 | FR5: 0 | FS5: 0 | FT5: 0 | FU5: 0 | FV5: 0 | FW5: (nulo) | FX5: (nulo) | FY5: (nulo) | FZ5: (nulo) | GA5: (nulo) | GB5: (nulo) | GC5: (nulo) | GD5: (nulo) | GE5: (nulo) | GF5: (nulo) | GG5: (nulo) | GH5: (nulo) | GI5: (nulo) | GJ5: (nulo) | GK5: (nulo) | GL5: (nulo) | GM5: (nulo) | GN5: 0 | GO5: 0 | GP5: 0 | GQ5: 0 | GR5: 0 | GS5: 0 | GT5: 0 | GU5: 0 | GV5: 0 | GW5: 0 | GX5: 0 | GY5: 0 | GZ5: 0 | HA5: 0 | HB5: 0 | HC5: 0 | HD5: 0 | HE5: 0 | HF5: 0 | HG5: 0 | HH5: 0 | HI5: 0 | HJ5: 0 | HK5: 0 | HL5: 0 | HM5: 0 | HN5: 0 | HO5: 0 | HP5: 0 | HQ5: 0 | HR5: 0 | HS5: 0 | HT5: 0
A6: 37691 | B6: 2 | C6: AJUSTES INICIAIL 0103 | E6: 5 | F6: 5 | G6: =E6-F6 -> 0 | H6: 1 | I6: 0 | J6: 2 | K6: 2 | L6: 0 | M6: 0 | N6: 0 | O6: 0 | P6: 0 | Q6: 0 | R6: 0 | S6: 0 | T6: 0 | U6: 0 | V6: 0 | W6: 0 | X6: 0 | Y6: 0 | Z6: 0 | AA6: 0 | AB6: 0 | AC6: 0 | AD6: 0 | AE6: 0 | AF6: 0 | AG6: 0 | AH6: 0 | AI6: 0 | AJ6: 0 | AK6: 0 | AL6: 0 | AM6: 0 | AN6: 0 | AO6: 0 | AP6: 0 | AQ6: 0 | AR6: 0 | AS6: 0 | AT6: 0 | AU6: 0 | AV6: 0 | AW6: 0 | AX6: 0 | AY6: 0 | AZ6: 0 | BA6: 0 | BB6: 0 | BC6: 0 | BD6: 0 | BE6: 0 | BF6: 0 | BG6: 0 | BH6: 0 | BI6: 0 | BJ6: 0 | BK6: 0 | BL6: 0 | BM6: 0 | BN6: 0 | BO6: 0 | BP6: 0 | BQ6: 0 | BR6: 0 | BS6: 0 | BT6: 0 | BU6: 0 | BV6: 0 | BW6: 0 | BX6: 0 | BY6: 0 | BZ6: 0 | CA6: 0 | CB6: 0 | CC6: 0 | CD6: 0 | CE6: 0 | CF6: 0 | CG6: 0 | CH6: 0 | CI6: 0 | CJ6: 0 | CK6: 0 | CL6: 0 | CM6: 0 | CN6: 0 | CO6: 0 | CP6: 0 | CQ6: 0 | CR6: 0 | CS6: 0 | CT6: 0 | CU6: 0 | CV6: 0 | CW6: 0 | CX6: 0 | CY6: 0 | CZ6: TENIS HERICA NAPA THEORIA 080 | DA6: CALCADOS | DB6: TENIS | DC6: CALCADOS 34 - 40 | DD6: PAR | DE6: 0.55000000 | DF6: .T. | DG6: PRETA | DH6: .F. | DJ6: 80 | DK6: 1 | DL6: 0 | DM6: 2 | DN6: 2 | DO6: 0 | DP6: 0 | DQ6: 0 | DR6: 0 | DS6: 0 | DT6: 0 | DU6: 0 | DV6: 0 | DW6: 0 | DX6: 0 | DY6: 0 | DZ6: 0 | EA6: 0 | EB6: 0 | EC6: 0 | ED6: 0 | EE6: 0 | EF6: 0 | EG6: 0 | EH6: 0 | EI6: 0 | EJ6: 0 | EK6: 0 | EL6: 0 | EM6: 0 | EN6: 0 | EO6: 0 | EP6: 0 | EQ6: 0 | ER6: 0 | ES6: 0 | ET6: 0 | EU6: 0 | EV6: 0 | EW6: 0 | EX6: 0 | EY6: 0 | EZ6: 0 | FA6: 0 | FB6: 0 | FC6: 0 | FD6: 0 | FE6: 0 | FF6: 0 | FG6: 1.1111111e+47 | FH6: .F. | FI6: .F. | FJ6: 0 | FK6: 0 | FL6: 0 | FM6: 0 | FN6: 0 | FO6: 0 | FP6: 0 | FQ6: 0 | FR6: 0 | FS6: 0 | FT6: 0 | FU6: 0 | FV6: 0 | FW6: (nulo) | FX6: (nulo) | FY6: (nulo) | FZ6: (nulo) | GA6: (nulo) | GB6: (nulo) | GC6: (nulo) | GD6: (nulo) | GE6: (nulo) | GF6: (nulo) | GG6: (nulo) | GH6: (nulo) | GI6: (nulo) | GJ6: (nulo) | GK6: (nulo) | GL6: (nulo) | GM6: (nulo) | GN6: 0 | GO6: 0 | GP6: 0 | GQ6: 0 | GR6: 0 | GS6: 0 | GT6: 0 | GU6: 0 | GV6: 0 | GW6: 0 | GX6: 0 | GY6: 0 | GZ6: 0 | HA6: 0 | HB6: 0 | HC6: 0 | HD6: 0 | HE6: 0 | HF6: 0 | HG6: 0 | HH6: 0 | HI6: 0 | HJ6: 0 | HK6: 0 | HL6: 0 | HM6: 0 | HN6: 0 | HO6: 0 | HP6: 0 | HQ6: 0 | HR6: 0 | HS6: 0 | HT6: 0
A7: 37691 | B7: 7959 | C7: AJUSTES INICIAIL 0103 | E7: 1 | F7: 1 | G7: =E7-F7 -> 0 | H7: 1 | I7: 0 | J7: 0 | K7: 0 | L7: 0 | M7: 0 | N7: 0 | O7: 0 | P7: 0 | Q7: 0 | R7: 0 | S7: 0 | T7: 0 | U7: 0 | V7: 0 | W7: 0 | X7: 0 | Y7: 0 | Z7: 0 | AA7: 0 | AB7: 0 | AC7: 0 | AD7: 0 | AE7: 0 | AF7: 0 | AG7: 0 | AH7: 0 | AI7: 0 | AJ7: 0 | AK7: 0 | AL7: 0 | AM7: 0 | AN7: 0 | AO7: 0 | AP7: 0 | AQ7: 0 | AR7: 0 | AS7: 0 | AT7: 0 | AU7: 0 | AV7: 0 | AW7: 0 | AX7: 0 | AY7: 0 | AZ7: 0 | BA7: 0 | BB7: 0 | BC7: 0 | BD7: 0 | BE7: 0 | BF7: 0 | BG7: 0 | BH7: 0 | BI7: 0 | BJ7: 0 | BK7: 0 | BL7: 0 | BM7: 0 | BN7: 0 | BO7: 0 | BP7: 0 | BQ7: 0 | BR7: 0 | BS7: 0 | BT7: 0 | BU7: 0 | BV7: 0 | BW7: 0 | BX7: 0 | BY7: 0 | BZ7: 0 | CA7: 0 | CB7: 0 | CC7: 0 | CD7: 0 | CE7: 0 | CF7: 0 | CG7: 0 | CH7: 0 | CI7: 0 | CJ7: 0 | CK7: 0 | CL7: 0 | CM7: 0 | CN7: 0 | CO7: 0 | CP7: 0 | CQ7: 0 | CR7: 0 | CS7: 0 | CT7: 0 | CU7: 0 | CV7: 0 | CW7: 0 | CX7: 0 | CY7: 0 | CZ7: TENIS HERICA NAPA THEORIA 080 | DA7: CALCADOS | DB7: TENIS | DC7: CALCADOS 34 - 40 | DD7: PAR | DE7: 0.55000000 | DF7: .T. | DG7: BRANCO OLIVE | DH7: .F. | DJ7: 80 | DK7: 1 | DL7: 0 | DM7: 0 | DN7: 0 | DO7: 0 | DP7: 0 | DQ7: 0 | DR7: 0 | DS7: 0 | DT7: 0 | DU7: 0 | DV7: 0 | DW7: 0 | DX7: 0 | DY7: 0 | DZ7: 0 | EA7: 0 | EB7: 0 | EC7: 0 | ED7: 0 | EE7: 0 | EF7: 0 | EG7: 0 | EH7: 0 | EI7: 0 | EJ7: 0 | EK7: 0 | EL7: 0 | EM7: 0 | EN7: 0 | EO7: 0 | EP7: 0 | EQ7: 0 | ER7: 0 | ES7: 0 | ET7: 0 | EU7: 0 | EV7: 0 | EW7: 0 | EX7: 0 | EY7: 0 | EZ7: 0 | FA7: 0 | FB7: 0 | FC7: 0 | FD7: 0 | FE7: 0 | FF7: 0 | FG7: 1.1111111e+47 | FH7: .F. | FI7: .F. | FJ7: 0 | FK7: 0 | FL7: 0 | FM7: 0 | FN7: 0 | FO7: 0 | FP7: 0 | FQ7: 0 | FR7: 0 | FS7: 0 | FT7: 0 | FU7: 0 | FV7: 0 | FW7: (nulo) | FX7: (nulo) | FY7: (nulo) | FZ7: (nulo) | GA7: (nulo) | GB7: (nulo) | GC7: (nulo) | GD7: (nulo) | GE7: (nulo) | GF7: (nulo) | GG7: (nulo) | GH7: (nulo) | GI7: (nulo) | GJ7: (nulo) | GK7: (nulo) | GL7: (nulo) | GM7: (nulo) | GN7: 0 | GO7: 0 | GP7: 0 | GQ7: 0 | GR7: 0 | GS7: 0 | GT7: 0 | GU7: 0 | GV7: 0 | GW7: 0 | GX7: 0 | GY7: 0 | GZ7: 0 | HA7: 0 | HB7: 0 | HC7: 0 | HD7: 0 | HE7: 0 | HF7: 0 | HG7: 0 | HH7: 0 | HI7: 0 | HJ7: 0 | HK7: 0 | HL7: 0 | HM7: 0 | HN7: 0 | HO7: 0 | HP7: 0 | HQ7: 0 | HR7: 0 | HS7: 0 | HT7: 0
A8: 38236 | B8: 3341 | C8: AJUSTES INICIAIL 0103 | E8: 12 | F8: 12 | G8: =E8-F8 -> 0 | H8: 0 | I8: 3 | J8: 4 | K8: 2 | L8: 0 | M8: 3 | N8: 0 | O8: 0 | P8: 0 | Q8: 0 | R8: 0 | S8: 0 | T8: 0 | U8: 0 | V8: 0 | W8: 0 | X8: 0 | Y8: 0 | Z8: 0 | AA8: 0 | AB8: 0 | AC8: 0 | AD8: 0 | AE8: 0 | AF8: 0 | AG8: 0 | AH8: 0 | AI8: 0 | AJ8: 0 | AK8: 0 | AL8: 0 | AM8: 0 | AN8: 0 | AO8: 0 | AP8: 0 | AQ8: 0 | AR8: 0 | AS8: 0 | AT8: 0 | AU8: 0 | AV8: 0 | AW8: 0 | AX8: 0 | AY8: 0 | AZ8: 0 | BA8: 0 | BB8: 0 | BC8: 0 | BD8: 0 | BE8: 0 | BF8: 0 | BG8: 0 | BH8: 0 | BI8: 0 | BJ8: 0 | BK8: 0 | BL8: 0 | BM8: 0 | BN8: 0 | BO8: 0 | BP8: 0 | BQ8: 0 | BR8: 0 | BS8: 0 | BT8: 0 | BU8: 0 | BV8: 0 | BW8: 0 | BX8: 0 | BY8: 0 | BZ8: 0 | CA8: 0 | CB8: 0 | CC8: 0 | CD8: 0 | CE8: 0 | CF8: 0 | CG8: 0 | CH8: 0 | CI8: 0 | CJ8: 0 | CK8: 0 | CL8: 0 | CM8: 0 | CN8: 0 | CO8: 0 | CP8: 0 | CQ8: 0 | CR8: 0 | CS8: 0 | CT8: 0 | CU8: 0 | CV8: 0 | CW8: 0 | CX8: 0 | CY8: 0 | CZ8: TENIS LONA THEORIA 2611 | DA8: CALCADOS | DB8: TENIS | DC8: CALCADOS 34 - 40 | DD8: PAR | DE8: 0.76800000 | DF8: .T. | DG8: MILK | DH8: .F. | DJ8: 2611 | DK8: 0 | DL8: 3 | DM8: 4 | DN8: 2 | DO8: 0 | DP8: 3 | DQ8: 0 | DR8: 0 | DS8: 0 | DT8: 0 | DU8: 0 | DV8: 0 | DW8: 0 | DX8: 0 | DY8: 0 | DZ8: 0 | EA8: 0 | EB8: 0 | EC8: 0 | ED8: 0 | EE8: 0 | EF8: 0 | EG8: 0 | EH8: 0 | EI8: 0 | EJ8: 0 | EK8: 0 | EL8: 0 | EM8: 0 | EN8: 0 | EO8: 0 | EP8: 0 | EQ8: 0 | ER8: 0 | ES8: 0 | ET8: 0 | EU8: 0 | EV8: 0 | EW8: 0 | EX8: 0 | EY8: 0 | EZ8: 0 | FA8: 0 | FB8: 0 | FC8: 0 | FD8: 0 | FE8: 0 | FF8: 0 | FG8: 1.1111111e+47 | FH8: .F. | FI8: .F. | FJ8: 0 | FK8: 0 | FL8: 0 | FM8: 0 | FN8: 0 | FO8: 0 | FP8: 0 | FQ8: 0 | FR8: 0 | FS8: 0 | FT8: 0 | FU8: 0 | FV8: 0 | FW8: (nulo) | FX8: (nulo) | FY8: (nulo) | FZ8: (nulo) | GA8: (nulo) | GB8: (nulo) | GC8: (nulo) | GD8: (nulo) | GE8: (nulo) | GF8: (nulo) | GG8: (nulo) | GH8: (nulo) | GI8: (nulo) | GJ8: (nulo) | GK8: (nulo) | GL8: (nulo) | GM8: (nulo) | GN8: 0 | GO8: 0 | GP8: 0 | GQ8: 0 | GR8: 0 | GS8: 0 | GT8: 0 | GU8: 0 | GV8: 0 | GW8: 0 | GX8: 0 | GY8: 0 | GZ8: 0 | HA8: 0 | HB8: 0 | HC8: 0 | HD8: 0 | HE8: 0 | HF8: 0 | HG8: 0 | HH8: 0 | HI8: 0 | HJ8: 0 | HK8: 0 | HL8: 0 | HM8: 0 | HN8: 0 | HO8: 0 | HP8: 0 | HQ8: 0 | HR8: 0 | HS8: 0 | HT8: 0
A9: 38236 | B9: 2 | C9: AJUSTES INICIAIL 0103 | E9: 10 | F9: 10 | G9: =E9-F9 -> 0 | H9: 3 | I9: 2 | J9: 0 | K9: 2 | L9: 0 | M9: 3 | N9: 0 | O9: 0 | P9: 0 | Q9: 0 | R9: 0 | S9: 0 | T9: 0 | U9: 0 | V9: 0 | W9: 0 | X9: 0 | Y9: 0 | Z9: 0 | AA9: 0 | AB9: 0 | AC9: 0 | AD9: 0 | AE9: 0 | AF9: 0 | AG9: 0 | AH9: 0 | AI9: 0 | AJ9: 0 | AK9: 0 | AL9: 0 | AM9: 0 | AN9: 0 | AO9: 0 | AP9: 0 | AQ9: 0 | AR9: 0 | AS9: 0 | AT9: 0 | AU9: 0 | AV9: 0 | AW9: 0 | AX9: 0 | AY9: 0 | AZ9: 0 | BA9: 0 | BB9: 0 | BC9: 0 | BD9: 0 | BE9: 0 | BF9: 0 | BG9: 0 | BH9: 0 | BI9: 0 | BJ9: 0 | BK9: 0 | BL9: 0 | BM9: 0 | BN9: 0 | BO9: 0 | BP9: 0 | BQ9: 0 | BR9: 0 | BS9: 0 | BT9: 0 | BU9: 0 | BV9: 0 | BW9: 0 | BX9: 0 | BY9: 0 | BZ9: 0 | CA9: 0 | CB9: 0 | CC9: 0 | CD9: 0 | CE9: 0 | CF9: 0 | CG9: 0 | CH9: 0 | CI9: 0 | CJ9: 0 | CK9: 0 | CL9: 0 | CM9: 0 | CN9: 0 | CO9: 0 | CP9: 0 | CQ9: 0 | CR9: 0 | CS9: 0 | CT9: 0 | CU9: 0 | CV9: 0 | CW9: 0 | CX9: 0 | CY9: 0 | CZ9: TENIS LONA THEORIA 2611 | DA9: CALCADOS | DB9: TENIS | DC9: CALCADOS 34 - 40 | DD9: PAR | DE9: 0.76800000 | DF9: .T. | DG9: PRETA | DH9: .F. | DJ9: 2611 | DK9: 3 | DL9: 2 | DM9: 0 | DN9: 2 | DO9: 0 | DP9: 3 | DQ9: 0 | DR9: 0 | DS9: 0 | DT9: 0 | DU9: 0 | DV9: 0 | DW9: 0 | DX9: 0 | DY9: 0 | DZ9: 0 | EA9: 0 | EB9: 0 | EC9: 0 | ED9: 0 | EE9: 0 | EF9: 0 | EG9: 0 | EH9: 0 | EI9: 0 | EJ9: 0 | EK9: 0 | EL9: 0 | EM9: 0 | EN9: 0 | EO9: 0 | EP9: 0 | EQ9: 0 | ER9: 0 | ES9: 0 | ET9: 0 | EU9: 0 | EV9: 0 | EW9: 0 | EX9: 0 | EY9: 0 | EZ9: 0 | FA9: 0 | FB9: 0 | FC9: 0 | FD9: 0 | FE9: 0 | FF9: 0 | FG9: 1.1111111e+47 | FH9: .F. | FI9: .F. | FJ9: 0 | FK9: 0 | FL9: 0 | FM9: 0 | FN9: 0 | FO9: 0 | FP9: 0 | FQ9: 0 | FR9: 0 | FS9: 0 | FT9: 0 | FU9: 0 | FV9: 0 | FW9: (nulo) | FX9: (nulo) | FY9: (nulo) | FZ9: (nulo) | GA9: (nulo) | GB9: (nulo) | GC9: (nulo) | GD9: (nulo) | GE9: (nulo) | GF9: (nulo) | GG9: (nulo) | GH9: (nulo) | GI9: (nulo) | GJ9: (nulo) | GK9: (nulo) | GL9: (nulo) | GM9: (nulo) | GN9: 0 | GO9: 0 | GP9: 0 | GQ9: 0 | GR9: 0 | GS9: 0 | GT9: 0 | GU9: 0 | GV9: 0 | GW9: 0 | GX9: 0 | GY9: 0 | GZ9: 0 | HA9: 0 | HB9: 0 | HC9: 0 | HD9: 0 | HE9: 0 | HF9: 0 | HG9: 0 | HH9: 0 | HI9: 0 | HJ9: 0 | HK9: 0 | HL9: 0 | HM9: 0 | HN9: 0 | HO9: 0 | HP9: 0 | HQ9: 0 | HR9: 0 | HS9: 0 | HT9: 0
A10: 38236 | B10: 5868 | C10: AJUSTES INICIAIL 0103 | E10: 1 | F10: 1 | G10: =E10-F10 -> 0 | H10: 0 | I10: 1 | J10: 0 | K10: 0 | L10: 0 | M10: 0 | N10: 0 | O10: 0 | P10: 0 | Q10: 0 | R10: 0 | S10: 0 | T10: 0 | U10: 0 | V10: 0 | W10: 0 | X10: 0 | Y10: 0 | Z10: 0 | AA10: 0 | AB10: 0 | AC10: 0 | AD10: 0 | AE10: 0 | AF10: 0 | AG10: 0 | AH10: 0 | AI10: 0 | AJ10: 0 | AK10: 0 | AL10: 0 | AM10: 0 | AN10: 0 | AO10: 0 | AP10: 0 | AQ10: 0 | AR10: 0 | AS10: 0 | AT10: 0 | AU10: 0 | AV10: 0 | AW10: 0 | AX10: 0 | AY10: 0 | AZ10: 0 | BA10: 0 | BB10: 0 | BC10: 0 | BD10: 0 | BE10: 0 | BF10: 0 | BG10: 0 | BH10: 0 | BI10: 0 | BJ10: 0 | BK10: 0 | BL10: 0 | BM10: 0 | BN10: 0 | BO10: 0 | BP10: 0 | BQ10: 0 | BR10: 0 | BS10: 0 | BT10: 0 | BU10: 0 | BV10: 0 | BW10: 0 | BX10: 0 | BY10: 0 | BZ10: 0 | CA10: 0 | CB10: 0 | CC10: 0 | CD10: 0 | CE10: 0 | CF10: 0 | CG10: 0 | CH10: 0 | CI10: 0 | CJ10: 0 | CK10: 0 | CL10: 0 | CM10: 0 | CN10: 0 | CO10: 0 | CP10: 0 | CQ10: 0 | CR10: 0 | CS10: 0 | CT10: 0 | CU10: 0 | CV10: 0 | CW10: 0 | CX10: 0 | CY10: 0 | CZ10: TENIS LONA THEORIA 2611 | DA10: CALCADOS | DB10: TENIS | DC10: CALCADOS 34 - 40 | DD10: PAR | DE10: 0.76800000 | DF10: .T. | DG10: BISCUIT | DH10: .F. | DJ10: 2611 | DK10: 0 | DL10: 1 | DM10: 0 | DN10: 0 | DO10: 0 | DP10: 0 | DQ10: 0 | DR10: 0 | DS10: 0 | DT10: 0 | DU10: 0 | DV10: 0 | DW10: 0 | DX10: 0 | DY10: 0 | DZ10: 0 | EA10: 0 | EB10: 0 | EC10: 0 | ED10: 0 | EE10: 0 | EF10: 0 | EG10: 0 | EH10: 0 | EI10: 0 | EJ10: 0 | EK10: 0 | EL10: 0 | EM10: 0 | EN10: 0 | EO10: 0 | EP10: 0 | EQ10: 0 | ER10: 0 | ES10: 0 | ET10: 0 | EU10: 0 | EV10: 0 | EW10: 0 | EX10: 0 | EY10: 0 | EZ10: 0 | FA10: 0 | FB10: 0 | FC10: 0 | FD10: 0 | FE10: 0 | FF10: 0 | FG10: 1.1111111e+47 | FH10: .F. | FI10: .F. | FJ10: 0 | FK10: 0 | FL10: 0 | FM10: 0 | FN10: 0 | FO10: 0 | FP10: 0 | FQ10: 0 | FR10: 0 | FS10: 0 | FT10: 0 | FU10: 0 | FV10: 0 | FW10: (nulo) | FX10: (nulo) | FY10: (nulo) | FZ10: (nulo) | GA10: (nulo) | GB10: (nulo) | GC10: (nulo) | GD10: (nulo) | GE10: (nulo) | GF10: (nulo) | GG10: (nulo) | GH10: (nulo) | GI10: (nulo) | GJ10: (nulo) | GK10: (nulo) | GL10: (nulo) | GM10: (nulo) | GN10: 0 | GO10: 0 | GP10: 0 | GQ10: 0 | GR10: 0 | GS10: 0 | GT10: 0 | GU10: 0 | GV10: 0 | GW10: 0 | GX10: 0 | GY10: 0 | GZ10: 0 | HA10: 0 | HB10: 0 | HC10: 0 | HD10: 0 | HE10: 0 | HF10: 0 | HG10: 0 | HH10: 0 | HI10: 0 | HJ10: 0 | HK10: 0 | HL10: 0 | HM10: 0 | HN10: 0 | HO10: 0 | HP10: 0 | HQ10: 0 | HR10: 0 | HS10: 0 | HT10: 0
A11: 38255 | B11: 2117 | C11: AJUSTES INICIAIL 0103 | E11: 50 | F11: 50 | G11: =E11-F11 -> 0 | H11: 3 | I11: 6 | J11: 13 | K11: 8 | L11: 7 | M11: 7 | N11: 4 | O11: 2 | P11: 0 | Q11: 0 | R11: 0 | S11: 0 | T11: 0 | U11: 0 | V11: 0 | W11: 0 | X11: 0 | Y11: 0 | Z11: 0 | AA11: 0 | AB11: 0 | AC11: 0 | AD11: 0 | AE11: 0 | AF11: 0 | AG11: 0 | AH11: 0 | AI11: 0 | AJ11: 0 | AK11: 0 | AL11: 0 | AM11: 0 | AN11: 0 | AO11: 0 | AP11: 0 | AQ11: 0 | AR11: 0 | AS11: 0 | AT11: 0 | AU11: 0 | AV11: 0 | AW11: 0 | AX11: 0 | AY11: 0 | AZ11: 0 | BA11: 0 | BB11: 0 | BC11: 0 | BD11: 0 | BE11: 0 | BF11: 0 | BG11: 0 | BH11: 0 | BI11: 0 | BJ11: 0 | BK11: 0 | BL11: 0 | BM11: 0 | BN11: 0 | BO11: 0 | BP11: 0 | BQ11: 0 | BR11: 0 | BS11: 0 | BT11: 0 | BU11: 0 | BV11: 0 | BW11: 0 | BX11: 0 | BY11: 0 | BZ11: 0 | CA11: 0 | CB11: 0 | CC11: 0 | CD11: 0 | CE11: 0 | CF11: 0 | CG11: 0 | CH11: 0 | CI11: 0 | CJ11: 0 | CK11: 0 | CL11: 0 | CM11: 0 | CN11: 0 | CO11: 0 | CP11: 0 | CQ11: 0 | CR11: 0 | CS11: 0 | CT11: 0 | CU11: 0 | CV11: 0 | CW11: 0 | CX11: 0 | CY11: 0 | CZ11: RASTEIRA CHINELO NAPA QUASA RR119 | DA11: CALCADOS | DB11: RASTEIRA CHINELO | DC11: CALCADOS 33 - 40 | DD11: PAR | DE11: 0.38000000 | DF11: .T. | DG11: MARFIM OURO | DH11: .F. | DJ11: RR119 | DK11: 3 | DL11: 6 | DM11: 13 | DN11: 8 | DO11: 7 | DP11: 7 | DQ11: 4 | DR11: 2 | DS11: 0 | DT11: 0 | DU11: 0 | DV11: 0 | DW11: 0 | DX11: 0 | DY11: 0 | DZ11: 0 | EA11: 0 | EB11: 0 | EC11: 0 | ED11: 0 | EE11: 0 | EF11: 0 | EG11: 0 | EH11: 0 | EI11: 0 | EJ11: 0 | EK11: 0 | EL11: 0 | EM11: 0 | EN11: 0 | EO11: 0 | EP11: 0 | EQ11: 0 | ER11: 0 | ES11: 0 | ET11: 0 | EU11: 0 | EV11: 0 | EW11: 0 | EX11: 0 | EY11: 0 | EZ11: 0 | FA11: 0 | FB11: 0 | FC11: 0 | FD11: 0 | FE11: 0 | FF11: 0 | FG11: 1.1111111e+47 | FH11: .F. | FI11: .F. | FJ11: 0 | FK11: 0 | FL11: 0 | FM11: 0 | FN11: 0 | FO11: 0 | FP11: 0 | FQ11: 0 | FR11: 0 | FS11: 0 | FT11: 0 | FU11: 0 | FV11: 0 | FW11: (nulo) | FX11: (nulo) | FY11: (nulo) | FZ11: (nulo) | GA11: (nulo) | GB11: (nulo) | GC11: (nulo) | GD11: (nulo) | GE11: (nulo) | GF11: (nulo) | GG11: (nulo) | GH11: (nulo) | GI11: (nulo) | GJ11: (nulo) | GK11: (nulo) | GL11: (nulo) | GM11: (nulo) | GN11: 0 | GO11: 0 | GP11: 0 | GQ11: 0 | GR11: 0 | GS11: 0 | GT11: 0 | GU11: 0 | GV11: 0 | GW11: 0 | GX11: 0 | GY11: 0 | GZ11: 0 | HA11: 0 | HB11: 0 | HC11: 0 | HD11: 0 | HE11: 0 | HF11: 0 | HG11: 0 | HH11: 0 | HI11: 0 | HJ11: 0 | HK11: 0 | HL11: 0 | HM11: 0 | HN11: 0 | HO11: 0 | HP11: 0 | HQ11: 0 | HR11: 0 | HS11: 0 | HT11: 0
A12: 38255 | B12: 5929 | C12: AJUSTES INICIAIL 0103 | E12: 45 | F12: 45 | G12: =E12-F12 -> 0 | H12: 0 | I12: 4 | J12: 8 | K12: 19 | L12: 6 | M12: 3 | N12: 5 | O12: 0 | P12: 0 | Q12: 0 | R12: 0 | S12: 0 | T12: 0 | U12: 0 | V12: 0 | W12: 0 | X12: 0 | Y12: 0 | Z12: 0 | AA12: 0 | AB12: 0 | AC12: 0 | AD12: 0 | AE12: 0 | AF12: 0 | AG12: 0 | AH12: 0 | AI12: 0 | AJ12: 0 | AK12: 0 | AL12: 0 | AM12: 0 | AN12: 0 | AO12: 0 | AP12: 0 | AQ12: 0 | AR12: 0 | AS12: 0 | AT12: 0 | AU12: 0 | AV12: 0 | AW12: 0 | AX12: 0 | AY12: 0 | AZ12: 0 | BA12: 0 | BB12: 0 | BC12: 0 | BD12: 0 | BE12: 0 | BF12: 0 | BG12: 0 | BH12: 0 | BI12: 0 | BJ12: 0 | BK12: 0 | BL12: 0 | BM12: 0 | BN12: 0 | BO12: 0 | BP12: 0 | BQ12: 0 | BR12: 0 | BS12: 0 | BT12: 0 | BU12: 0 | BV12: 0 | BW12: 0 | BX12: 0 | BY12: 0 | BZ12: 0 | CA12: 0 | CB12: 0 | CC12: 0 | CD12: 0 | CE12: 0 | CF12: 0 | CG12: 0 | CH12: 0 | CI12: 0 | CJ12: 0 | CK12: 0 | CL12: 0 | CM12: 0 | CN12: 0 | CO12: 0 | CP12: 0 | CQ12: 0 | CR12: 0 | CS12: 0 | CT12: 0 | CU12: 0 | CV12: 0 | CW12: 0 | CX12: 0 | CY12: 0 | CZ12: RASTEIRA CHINELO NAPA QUASA RR119 | DA12: CALCADOS | DB12: RASTEIRA CHINELO | DC12: CALCADOS 33 - 40 | DD12: PAR | DE12: 0.38000000 | DF12: .T. | DG12: MARFIM CRISTAL | DH12: .F. | DJ12: RR119 | DK12: 0 | DL12: 4 | DM12: 8 | DN12: 19 | DO12: 6 | DP12: 3 | DQ12: 5 | DR12: 0 | DS12: 0 | DT12: 0 | DU12: 0 | DV12: 0 | DW12: 0 | DX12: 0 | DY12: 0 | DZ12: 0 | EA12: 0 | EB12: 0 | EC12: 0 | ED12: 0 | EE12: 0 | EF12: 0 | EG12: 0 | EH12: 0 | EI12: 0 | EJ12: 0 | EK12: 0 | EL12: 0 | EM12: 0 | EN12: 0 | EO12: 0 | EP12: 0 | EQ12: 0 | ER12: 0 | ES12: 0 | ET12: 0 | EU12: 0 | EV12: 0 | EW12: 0 | EX12: 0 | EY12: 0 | EZ12: 0 | FA12: 0 | FB12: 0 | FC12: 0 | FD12: 0 | FE12: 0 | FF12: 0 | FG12: 1.1111111e+47 | FH12: .F. | FI12: .F. | FJ12: 0 | FK12: 0 | FL12: 0 | FM12: 0 | FN12: 0 | FO12: 0 | FP12: 0 | FQ12: 0 | FR12: 0 | FS12: 0 | FT12: 0 | FU12: 0 | FV12: 0 | FW12: (nulo) | FX12: (nulo) | FY12: (nulo) | FZ12: (nulo) | GA12: (nulo) | GB12: (nulo) | GC12: (nulo) | GD12: (nulo) | GE12: (nulo) | GF12: (nulo) | GG12: (nulo) | GH12: (nulo) | GI12: (nulo) | GJ12: (nulo) | GK12: (nulo) | GL12: (nulo) | GM12: (nulo) | GN12: 0 | GO12: 0 | GP12: 0 | GQ12: 0 | GR12: 0 | GS12: 0 | GT12: 0 | GU12: 0 | GV12: 0 | GW12: 0 | GX12: 0 | GY12: 0 | GZ12: 0 | HA12: 0 | HB12: 0 | HC12: 0 | HD12: 0 | HE12: 0 | HF12: 0 | HG12: 0 | HH12: 0 | HI12: 0 | HJ12: 0 | HK12: 0 | HL12: 0 | HM12: 0 | HN12: 0 | HO12: 0 | HP12: 0 | HQ12: 0 | HR12: 0 | HS12: 0 | HT12: 0
A13: 38255 | B13: 4 | C13: AJUSTES INICIAIL 0103 | E13: 1 | F13: 1 | G13: =E13-F13 -> 0 | H13: 0 | I13: 0 | J13: 0 | K13: 0 | L13: 0 | M13: 0 | N13: 0 | O13: 1 | P13: 0 | Q13: 0 | R13: 0 | S13: 0 | T13: 0 | U13: 0 | V13: 0 | W13: 0 | X13: 0 | Y13: 0 | Z13: 0 | AA13: 0 | AB13: 0 | AC13: 0 | AD13: 0 | AE13: 0 | AF13: 0 | AG13: 0 | AH13: 0 | AI13: 0 | AJ13: 0 | AK13: 0 | AL13: 0 | AM13: 0 | AN13: 0 | AO13: 0 | AP13: 0 | AQ13: 0 | AR13: 0 | AS13: 0 | AT13: 0 | AU13: 0 | AV13: 0 | AW13: 0 | AX13: 0 | AY13: 0 | AZ13: 0 | BA13: 0 | BB13: 0 | BC13: 0 | BD13: 0 | BE13: 0 | BF13: 0 | BG13: 0 | BH13: 0 | BI13: 0 | BJ13: 0 | BK13: 0 | BL13: 0 | BM13: 0 | BN13: 0 | BO13: 0 | BP13: 0 | BQ13: 0 | BR13: 0 | BS13: 0 | BT13: 0 | BU13: 0 | BV13: 0 | BW13: 0 | BX13: 0 | BY13: 0 | BZ13: 0 | CA13: 0 | CB13: 0 | CC13: 0 | CD13: 0 | CE13: 0 | CF13: 0 | CG13: 0 | CH13: 0 | CI13: 0 | CJ13: 0 | CK13: 0 | CL13: 0 | CM13: 0 | CN13: 0 | CO13: 0 | CP13: 0 | CQ13: 0 | CR13: 0 | CS13: 0 | CT13: 0 | CU13: 0 | CV13: 0 | CW13: 0 | CX13: 0 | CY13: 0 | CZ13: RASTEIRA CHINELO NAPA QUASA RR119 | DA13: CALCADOS | DB13: RASTEIRA CHINELO | DC13: CALCADOS 33 - 40 | DD13: PAR | DE13: 0.38000000 | DF13: .T. | DG13: MARFIM | DH13: .F. | DJ13: RR119 | DK13: 0 | DL13: 0 | DM13: 0 | DN13: 0 | DO13: 0 | DP13: 0 | DQ13: 0 | DR13: 1 | DS13: 0 | DT13: 0 | DU13: 0 | DV13: 0 | DW13: 0 | DX13: 0 | DY13: 0 | DZ13: 0 | EA13: 0 | EB13: 0 | EC13: 0 | ED13: 0 | EE13: 0 | EF13: 0 | EG13: 0 | EH13: 0 | EI13: 0 | EJ13: 0 | EK13: 0 | EL13: 0 | EM13: 0 | EN13: 0 | EO13: 0 | EP13: 0 | EQ13: 0 | ER13: 0 | ES13: 0 | ET13: 0 | EU13: 0 | EV13: 0 | EW13: 0 | EX13: 0 | EY13: 0 | EZ13: 0 | FA13: 0 | FB13: 0 | FC13: 0 | FD13: 0 | FE13: 0 | FF13: 0 | FG13: 1.1111111e+47 | FH13: .F. | FI13: .F. | FJ13: 0 | FK13: 0 | FL13: 0 | FM13: 0 | FN13: 0 | FO13: 0 | FP13: 0 | FQ13: 0 | FR13: 0 | FS13: 0 | FT13: 0 | FU13: 0 | FV13: 0 | FW13: (nulo) | FX13: (nulo) | FY13: (nulo) | FZ13: (nulo) | GA13: (nulo) | GB13: (nulo) | GC13: (nulo) | GD13: (nulo) | GE13: (nulo) | GF13: (nulo) | GG13: (nulo) | GH13: (nulo) | GI13: (nulo) | GJ13: (nulo) | GK13: (nulo) | GL13: (nulo) | GM13: (nulo) | GN13: 0 | GO13: 0 | GP13: 0 | GQ13: 0 | GR13: 0 | GS13: 0 | GT13: 0 | GU13: 0 | GV13: 0 | GW13: 0 | GX13: 0 | GY13: 0 | GZ13: 0 | HA13: 0 | HB13: 0 | HC13: 0 | HD13: 0 | HE13: 0 | HF13: 0 | HG13: 0 | HH13: 0 | HI13: 0 | HJ13: 0 | HK13: 0 | HL13: 0 | HM13: 0 | HN13: 0 | HO13: 0 | HP13: 0 | HQ13: 0 | HR13: 0 | HS13: 0 | HT13: 0
A14: 38543 | B14: 3341 | C14: AJUSTES INICIAIL 0103 | E14: 2 | F14: 2 | G14: =E14-F14 -> 0 | H14: 1 | I14: 0 | J14: 0 | K14: 1 | L14: 0 | M14: 0 | N14: 0 | O14: 0 | P14: 0 | Q14: 0 | R14: 0 | S14: 0 | T14: 0 | U14: 0 | V14: 0 | W14: 0 | X14: 0 | Y14: 0 | Z14: 0 | AA14: 0 | AB14: 0 | AC14: 0 | AD14: 0 | AE14: 0 | AF14: 0 | AG14: 0 | AH14: 0 | AI14: 0 | AJ14: 0 | AK14: 0 | AL14: 0 | AM14: 0 | AN14: 0 | AO14: 0 | AP14: 0 | AQ14: 0 | AR14: 0 | AS14: 0 | AT14: 0 | AU14: 0 | AV14: 0 | AW14: 0 | AX14: 0 | AY14: 0 | AZ14: 0 | BA14: 0 | BB14: 0 | BC14: 0 | BD14: 0 | BE14: 0 | BF14: 0 | BG14: 0 | BH14: 0 | BI14: 0 | BJ14: 0 | BK14: 0 | BL14: 0 | BM14: 0 | BN14: 0 | BO14: 0 | BP14: 0 | BQ14: 0 | BR14: 0 | BS14: 0 | BT14: 0 | BU14: 0 | BV14: 0 | BW14: 0 | BX14: 0 | BY14: 0 | BZ14: 0 | CA14: 0 | CB14: 0 | CC14: 0 | CD14: 0 | CE14: 0 | CF14: 0 | CG14: 0 | CH14: 0 | CI14: 0 | CJ14: 0 | CK14: 0 | CL14: 0 | CM14: 0 | CN14: 0 | CO14: 0 | CP14: 0 | CQ14: 0 | CR14: 0 | CS14: 0 | CT14: 0 | CU14: 0 | CV14: 0 | CW14: 0 | CX14: 0 | CY14: 0 | CZ14: MULE JOSI NAPA MK3769SP JS MULLER | DA14: CALCADOS | DB14: MULE | DC14: CALCADOS 34 - 40 | DD14: PAR | DE14: 0.26000000 | DF14: .T. | DG14: MILK | DH14: .F. | DJ14: MK3769SP | DK14: 1 | DL14: 0 | DM14: 0 | DN14: 1 | DO14: 0 | DP14: 0 | DQ14: 0 | DR14: 0 | DS14: 0 | DT14: 0 | DU14: 0 | DV14: 0 | DW14: 0 | DX14: 0 | DY14: 0 | DZ14: 0 | EA14: 0 | EB14: 0 | EC14: 0 | ED14: 0 | EE14: 0 | EF14: 0 | EG14: 0 | EH14: 0 | EI14: 0 | EJ14: 0 | EK14: 0 | EL14: 0 | EM14: 0 | EN14: 0 | EO14: 0 | EP14: 0 | EQ14: 0 | ER14: 0 | ES14: 0 | ET14: 0 | EU14: 0 | EV14: 0 | EW14: 0 | EX14: 0 | EY14: 0 | EZ14: 0 | FA14: 0 | FB14: 0 | FC14: 0 | FD14: 0 | FE14: 0 | FF14: 0 | FG14: 1.1111111e+47 | FH14: .F. | FI14: .F. | FJ14: 0 | FK14: 0 | FL14: 0 | FM14: 0 | FN14: 0 | FO14: 0 | FP14: 0 | FQ14: 0 | FR14: 0 | FS14: 0 | FT14: 0 | FU14: 0 | FV14: 0 | FW14: (nulo) | FX14: (nulo) | FY14: (nulo) | FZ14: (nulo) | GA14: (nulo) | GB14: (nulo) | GC14: (nulo) | GD14: (nulo) | GE14: (nulo) | GF14: (nulo) | GG14: (nulo) | GH14: (nulo) | GI14: (nulo) | GJ14: (nulo) | GK14: (nulo) | GL14: (nulo) | GM14: (nulo) | GN14: 0 | GO14: 0 | GP14: 0 | GQ14: 0 | GR14: 0 | GS14: 0 | GT14: 0 | GU14: 0 | GV14: 0 | GW14: 0 | GX14: 0 | GY14: 0 | GZ14: 0 | HA14: 0 | HB14: 0 | HC14: 0 | HD14: 0 | HE14: 0 | HF14: 0 | HG14: 0 | HH14: 0 | HI14: 0 | HJ14: 0 | HK14: 0 | HL14: 0 | HM14: 0 | HN14: 0 | HO14: 0 | HP14: 0 | HQ14: 0 | HR14: 0 | HS14: 0 | HT14: 0
A15: 38543 | B15: 5868 | C15: AJUSTES INICIAIL 0103 | E15: 1 | F15: 1 | G15: =E15-F15 -> 0 | H15: 1 | I15: 0 | J15: 0 | K15: 0 | L15: 0 | M15: 0 | N15: 0 | O15: 0 | P15: 0 | Q15: 0 | R15: 0 | S15: 0 | T15: 0 | U15: 0 | V15: 0 | W15: 0 | X15: 0 | Y15: 0 | Z15: 0 | AA15: 0 | AB15: 0 | AC15: 0 | AD15: 0 | AE15: 0 | AF15: 0 | AG15: 0 | AH15: 0 | AI15: 0 | AJ15: 0 | AK15: 0 | AL15: 0 | AM15: 0 | AN15: 0 | AO15: 0 | AP15: 0 | AQ15: 0 | AR15: 0 | AS15: 0 | AT15: 0 | AU15: 0 | AV15: 0 | AW15: 0 | AX15: 0 | AY15: 0 | AZ15: 0 | BA15: 0 | BB15: 0 | BC15: 0 | BD15: 0 | BE15: 0 | BF15: 0 | BG15: 0 | BH15: 0 | BI15: 0 | BJ15: 0 | BK15: 0 | BL15: 0 | BM15: 0 | BN15: 0 | BO15: 0 | BP15: 0 | BQ15: 0 | BR15: 0 | BS15: 0 | BT15: 0 | BU15: 0 | BV15: 0 | BW15: 0 | BX15: 0 | BY15: 0 | BZ15: 0 | CA15: 0 | CB15: 0 | CC15: 0 | CD15: 0 | CE15: 0 | CF15: 0 | CG15: 0 | CH15: 0 | CI15: 0 | CJ15: 0 | CK15: 0 | CL15: 0 | CM15: 0 | CN15: 0 | CO15: 0 | CP15: 0 | CQ15: 0 | CR15: 0 | CS15: 0 | CT15: 0 | CU15: 0 | CV15: 0 | CW15: 0 | CX15: 0 | CY15: 0 | CZ15: MULE JOSI NAPA MK3769SP JS MULLER | DA15: CALCADOS | DB15: MULE | DC15: CALCADOS 34 - 40 | DD15: PAR | DE15: 0.26000000 | DF15: .T. | DG15: BISCUIT | DH15: .F. | DJ15: MK3769SP | DK15: 1 | DL15: 0 | DM15: 0 | DN15: 0 | DO15: 0 | DP15: 0 | DQ15: 0 | DR15: 0 | DS15: 0 | DT15: 0 | DU15: 0 | DV15: 0 | DW15: 0 | DX15: 0 | DY15: 0 | DZ15: 0 | EA15: 0 | EB15: 0 | EC15: 0 | ED15: 0 | EE15: 0 | EF15: 0 | EG15: 0 | EH15: 0 | EI15: 0 | EJ15: 0 | EK15: 0 | EL15: 0 | EM15: 0 | EN15: 0 | EO15: 0 | EP15: 0 | EQ15: 0 | ER15: 0 | ES15: 0 | ET15: 0 | EU15: 0 | EV15: 0 | EW15: 0 | EX15: 0 | EY15: 0 | EZ15: 0 | FA15: 0 | FB15: 0 | FC15: 0 | FD15: 0 | FE15: 0 | FF15: 0 | FG15: 1.1111111e+47 | FH15: .F. | FI15: .F. | FJ15: 0 | FK15: 0 | FL15: 0 | FM15: 0 | FN15: 0 | FO15: 0 | FP15: 0 | FQ15: 0 | FR15: 0 | FS15: 0 | FT15: 0 | FU15: 0 | FV15: 0 | FW15: (nulo) | FX15: (nulo) | FY15: (nulo) | FZ15: (nulo) | GA15: (nulo) | GB15: (nulo) | GC15: (nulo) | GD15: (nulo) | GE15: (nulo) | GF15: (nulo) | GG15: (nulo) | GH15: (nulo) | GI15: (nulo) | GJ15: (nulo) | GK15: (nulo) | GL15: (nulo) | GM15: (nulo) | GN15: 0 | GO15: 0 | GP15: 0 | GQ15: 0 | GR15: 0 | GS15: 0 | GT15: 0 | GU15: 0 | GV15: 0 | GW15: 0 | GX15: 0 | GY15: 0 | GZ15: 0 | HA15: 0 | HB15: 0 | HC15: 0 | HD15: 0 | HE15: 0 | HF15: 0 | HG15: 0 | HH15: 0 | HI15: 0 | HJ15: 0 | HK15: 0 | HL15: 0 | HM15: 0 | HN15: 0 | HO15: 0 | HP15: 0 | HQ15: 0 | HR15: 0 | HS15: 0 | HT15: 0
A16: 38566 | B16: 5868 | C16: AJUSTES INICIAIL 0103 | E16: 4 | F16: 4 | G16: =E16-F16 -> 0 | H16: 1 | I16: 1 | J16: 1 | K16: 0 | L16: 0 | M16: 0 | N16: 1 | O16: 0 | P16: 0 | Q16: 0 | R16: 0 | S16: 0 | T16: 0 | U16: 0 | V16: 0 | W16: 0 | X16: 0 | Y16: 0 | Z16: 0 | AA16: 0 | AB16: 0 | AC16: 0 | AD16: 0 | AE16: 0 | AF16: 0 | AG16: 0 | AH16: 0 | AI16: 0 | AJ16: 0 | AK16: 0 | AL16: 0 | AM16: 0 | AN16: 0 | AO16: 0 | AP16: 0 | AQ16: 0 | AR16: 0 | AS16: 0 | AT16: 0 | AU16: 0 | AV16: 0 | AW16: 0 | AX16: 0 | AY16: 0 | AZ16: 0 | BA16: 0 | BB16: 0 | BC16: 0 | BD16: 0 | BE16: 0 | BF16: 0 | BG16: 0 | BH16: 0 | BI16: 0 | BJ16: 0 | BK16: 0 | BL16: 0 | BM16: 0 | BN16: 0 | BO16: 0 | BP16: 0 | BQ16: 0 | BR16: 0 | BS16: 0 | BT16: 0 | BU16: 0 | BV16: 0 | BW16: 0 | BX16: 0 | BY16: 0 | BZ16: 0 | CA16: 0 | CB16: 0 | CC16: 0 | CD16: 0 | CE16: 0 | CF16: 0 | CG16: 0 | CH16: 0 | CI16: 0 | CJ16: 0 | CK16: 0 | CL16: 0 | CM16: 0 | CN16: 0 | CO16: 0 | CP16: 0 | CQ16: 0 | CR16: 0 | CS16: 0 | CT16: 0 | CU16: 0 | CV16: 0 | CW16: 0 | CX16: 0 | CY16: 0 | CZ16: SANDALIA MEDIA SUZANA NAPA DAMA 4531921 | DA16: CALCADOS | DB16: SANDALIA MEDIA | DC16: CALCADOS 33 - 40 | DD16: PAR | DE16: 0.50000000 | DF16: .T. | DG16: BISCUIT | DH16: .F. | DJ16: 4531921 | DK16: 1 | DL16: 1 | DM16: 1 | DN16: 0 | DO16: 0 | DP16: 0 | DQ16: 1 | DR16: 0 | DS16: 0 | DT16: 0 | DU16: 0 | DV16: 0 | DW16: 0 | DX16: 0 | DY16: 0 | DZ16: 0 | EA16: 0 | EB16: 0 | EC16: 0 | ED16: 0 | EE16: 0 | EF16: 0 | EG16: 0 | EH16: 0 | EI16: 0 | EJ16: 0 | EK16: 0 | EL16: 0 | EM16: 0 | EN16: 0 | EO16: 0 | EP16: 0 | EQ16: 0 | ER16: 0 | ES16: 0 | ET16: 0 | EU16: 0 | EV16: 0 | EW16: 0 | EX16: 0 | EY16: 0 | EZ16: 0 | FA16: 0 | FB16: 0 | FC16: 0 | FD16: 0 | FE16: 0 | FF16: 0 | FG16: 1.1111111e+47 | FH16: .F. | FI16: .F. | FJ16: 0 | FK16: 0 | FL16: 0 | FM16: 0 | FN16: 0 | FO16: 0 | FP16: 0 | FQ16: 0 | FR16: 0 | FS16: 0 | FT16: 0 | FU16: 0 | FV16: 0 | FW16: (nulo) | FX16: (nulo) | FY16: (nulo) | FZ16: (nulo) | GA16: (nulo) | GB16: (nulo) | GC16: (nulo) | GD16: (nulo) | GE16: (nulo) | GF16: (nulo) | GG16: (nulo) | GH16: (nulo) | GI16: (nulo) | GJ16: (nulo) | GK16: (nulo) | GL16: (nulo) | GM16: (nulo) | GN16: 0 | GO16: 0 | GP16: 0 | GQ16: 0 | GR16: 0 | GS16: 0 | GT16: 0 | GU16: 0 | GV16: 0 | GW16: 0 | GX16: 0 | GY16: 0 | GZ16: 0 | HA16: 0 | HB16: 0 | HC16: 0 | HD16: 0 | HE16: 0 | HF16: 0 | HG16: 0 | HH16: 0 | HI16: 0 | HJ16: 0 | HK16: 0 | HL16: 0 | HM16: 0 | HN16: 0 | HO16: 0 | HP16: 0 | HQ16: 0 | HR16: 0 | HS16: 0 | HT16: 0
A17: 38680 | B17: 3003 | C17: AJUSTES INICIAIL 0103 | E17: 1 | F17: 1 | G17: =E17-F17 -> 0 | H17: 0 | I17: 0 | J17: 0 | K17: 1 | L17: 0 | M17: 0 | N17: 0 | O17: 0 | P17: 0 | Q17: 0 | R17: 0 | S17: 0 | T17: 0 | U17: 0 | V17: 0 | W17: 0 | X17: 0 | Y17: 0 | Z17: 0 | AA17: 0 | AB17: 0 | AC17: 0 | AD17: 0 | AE17: 0 | AF17: 0 | AG17: 0 | AH17: 0 | AI17: 0 | AJ17: 0 | AK17: 0 | AL17: 0 | AM17: 0 | AN17: 0 | AO17: 0 | AP17: 0 | AQ17: 0 | AR17: 0 | AS17: 0 | AT17: 0 | AU17: 0 | AV17: 0 | AW17: 0 | AX17: 0 | AY17: 0 | AZ17: 0 | BA17: 0 | BB17: 0 | BC17: 0 | BD17: 0 | BE17: 0 | BF17: 0 | BG17: 0 | BH17: 0 | BI17: 0 | BJ17: 0 | BK17: 0 | BL17: 0 | BM17: 0 | BN17: 0 | BO17: 0 | BP17: 0 | BQ17: 0 | BR17: 0 | BS17: 0 | BT17: 0 | BU17: 0 | BV17: 0 | BW17: 0 | BX17: 0 | BY17: 0 | BZ17: 0 | CA17: 0 | CB17: 0 | CC17: 0 | CD17: 0 | CE17: 0 | CF17: 0 | CG17: 0 | CH17: 0 | CI17: 0 | CJ17: 0 | CK17: 0 | CL17: 0 | CM17: 0 | CN17: 0 | CO17: 0 | CP17: 0 | CQ17: 0 | CR17: 0 | CS17: 0 | CT17: 0 | CU17: 0 | CV17: 0 | CW17: 0 | CX17: 0 | CY17: 0 | CZ17: SCARPIN JANA NAPA BEBECE 3814168 | DA17: CALCADOS | DB17: SCARPIN | DC17: CALCADOS 33 - 40 | DD17: PAR | DE17: 0.30000000 | DF17: .T. | DG17: CASCA | DH17: .F. | DJ17: 3814168 | DK17: 0 | DL17: 0 | DM17: 0 | DN17: 1 | DO17: 0 | DP17: 0 | DQ17: 0 | DR17: 0 | DS17: 0 | DT17: 0 | DU17: 0 | DV17: 0 | DW17: 0 | DX17: 0 | DY17: 0 | DZ17: 0 | EA17: 0 | EB17: 0 | EC17: 0 | ED17: 0 | EE17: 0 | EF17: 0 | EG17: 0 | EH17: 0 | EI17: 0 | EJ17: 0 | EK17: 0 | EL17: 0 | EM17: 0 | EN17: 0 | EO17: 0 | EP17: 0 | EQ17: 0 | ER17: 0 | ES17: 0 | ET17: 0 | EU17: 0 | EV17: 0 | EW17: 0 | EX17: 0 | EY17: 0 | EZ17: 0 | FA17: 0 | FB17: 0 | FC17: 0 | FD17: 0 | FE17: 0 | FF17: 0 | FG17: 1.1111111e+47 | FH17: .F. | FI17: .F. | FJ17: 0 | FK17: 0 | FL17: 0 | FM17: 0 | FN17: 0 | FO17: 0 | FP17: 0 | FQ17: 0 | FR17: 0 | FS17: 0 | FT17: 0 | FU17: 0 | FV17: 0 | FW17: (nulo) | FX17: (nulo) | FY17: (nulo) | FZ17: (nulo) | GA17: (nulo) | GB17: (nulo) | GC17: (nulo) | GD17: (nulo) | GE17: (nulo) | GF17: (nulo) | GG17: (nulo) | GH17: (nulo) | GI17: (nulo) | GJ17: (nulo) | GK17: (nulo) | GL17: (nulo) | GM17: (nulo) | GN17: 0 | GO17: 0 | GP17: 0 | GQ17: 0 | GR17: 0 | GS17: 0 | GT17: 0 | GU17: 0 | GV17: 0 | GW17: 0 | GX17: 0 | GY17: 0 | GZ17: 0 | HA17: 0 | HB17: 0 | HC17: 0 | HD17: 0 | HE17: 0 | HF17: 0 | HG17: 0 | HH17: 0 | HI17: 0 | HJ17: 0 | HK17: 0 | HL17: 0 | HM17: 0 | HN17: 0 | HO17: 0 | HP17: 0 | HQ17: 0 | HR17: 0 | HS17: 0 | HT17: 0
A18: 38725 | B18: 2 | C18: AJUSTES INICIAIL 0103 | D18: Classica | E18: 37 | F18: 37 | G18: =E18-F18 -> 0 | H18: 0 | I18: 4 | J18: 7 | K18: 7 | L18: 6 | M18: 6 | N18: 6 | O18: 1 | P18: 0 | Q18: 0 | R18: 0 | S18: 0 | T18: 0 | U18: 0 | V18: 0 | W18: 0 | X18: 0 | Y18: 0 | Z18: 0 | AA18: 0 | AB18: 0 | AC18: 0 | AD18: 0 | AE18: 0 | AF18: 0 | AG18: 0 | AH18: 0 | AI18: 0 | AJ18: 0 | AK18: 0 | AL18: 0 | AM18: 0 | AN18: 0 | AO18: 0 | AP18: 0 | AQ18: 0 | AR18: 0 | AS18: 0 | AT18: 0 | AU18: 0 | AV18: 0 | AW18: 0 | AX18: 0 | AY18: 0 | AZ18: 0 | BA18: 0 | BB18: 0 | BC18: 0 | BD18: 0 | BE18: 0 | BF18: 0 | BG18: 0 | BH18: 0 | BI18: 0 | BJ18: 0 | BK18: 0 | BL18: 0 | BM18: 0 | BN18: 0 | BO18: 0 | BP18: 0 | BQ18: 0 | BR18: 0 | BS18: 0 | BT18: 0 | BU18: 0 | BV18: 0 | BW18: 0 | BX18: 0 | BY18: 0 | BZ18: 0 | CA18: 0 | CB18: 0 | CC18: 0 | CD18: 0 | CE18: 0 | CF18: 0 | CG18: 0 | CH18: 0 | CI18: 0 | CJ18: 0 | CK18: 0 | CL18: 0 | CM18: 0 | CN18: 0 | CO18: 0 | CP18: 0 | CQ18: 0 | CR18: 0 | CS18: 0 | CT18: 0 | CU18: 0 | CV18: 0 | CW18: 0 | CX18: 0 | CY18: 0 | CZ18: TAMANCO DUDA COURO VEGETAL SEDA KARYBY 1 | DA18: CALCADOS | DB18: TAMANCO | DC18: CALCADOS 33 - 40 | DD18: PAR | DE18: 0.52500000 | DF18: .T. | DG18: PRETA | DH18: .F. | DJ18: 124111619 | DK18: 0 | DL18: 4 | DM18: 7 | DN18: 7 | DO18: 6 | DP18: 6 | DQ18: 6 | DR18: 1 | DS18: 0 | DT18: 0 | DU18: 0 | DV18: 0 | DW18: 0 | DX18: 0 | DY18: 0 | DZ18: 0 | EA18: 0 | EB18: 0 | EC18: 0 | ED18: 0 | EE18: 0 | EF18: 0 | EG18: 0 | EH18: 0 | EI18: 0 | EJ18: 0 | EK18: 0 | EL18: 0 | EM18: 0 | EN18: 0 | EO18: 0 | EP18: 0 | EQ18: 0 | ER18: 0 | ES18: 0 | ET18: 0 | EU18: 0 | EV18: 0 | EW18: 0 | EX18: 0 | EY18: 0 | EZ18: 0 | FA18: 0 | FB18: 0 | FC18: 0 | FD18: 0 | FE18: 0 | FF18: 0 | FG18: 1.1111111e+47 | FH18: .F. | FI18: .F. | FJ18: 0 | FK18: 0 | FL18: 0 | FM18: 0 | FN18: 0 | FO18: 0 | FP18: 0 | FQ18: 0 | FR18: 0 | FS18: 0 | FT18: 0 | FU18: 0 | FV18: 0 | FW18: (nulo) | FX18: (nulo) | FY18: (nulo) | FZ18: (nulo) | GA18: (nulo) | GB18: (nulo) | GC18: (nulo) | GD18: (nulo) | GE18: (nulo) | GF18: (nulo) | GG18: (nulo) | GH18: (nulo) | GI18: (nulo) | GJ18: (nulo) | GK18: (nulo) | GL18: (nulo) | GM18: (nulo) | GN18: 0 | GO18: 0 | GP18: 0 | GQ18: 0 | GR18: 0 | GS18: 0 | GT18: 0 | GU18: 0 | GV18: 0 | GW18: 0 | GX18: 0 | GY18: 0 | GZ18: 0 | HA18: 0 | HB18: 0 | HC18: 0 | HD18: 0 | HE18: 0 | HF18: 0 | HG18: 0 | HH18: 0 | HI18: 0 | HJ18: 0 | HK18: 0 | HL18: 0 | HM18: 0 | HN18: 0 | HO18: 0 | HP18: 0 | HQ18: 0 | HR18: 0 | HS18: 0 | HT18: 0
A19: 38725 | B19: 30 | C19: AJUSTES INICIAIL 0103 | D19: Classica | E19: 16 | F19: 16 | G19: =E19-F19 -> 0 | H19: 0 | I19: 5 | J19: 1 | K19: 1 | L19: 4 | M19: 4 | N19: 0 | O19: 1 | P19: 0 | Q19: 0 | R19: 0 | S19: 0 | T19: 0 | U19: 0 | V19: 0 | W19: 0 | X19: 0 | Y19: 0 | Z19: 0 | AA19: 0 | AB19: 0 | AC19: 0 | AD19: 0 | AE19: 0 | AF19: 0 | AG19: 0 | AH19: 0 | AI19: 0 | AJ19: 0 | AK19: 0 | AL19: 0 | AM19: 0 | AN19: 0 | AO19: 0 | AP19: 0 | AQ19: 0 | AR19: 0 | AS19: 0 | AT19: 0 | AU19: 0 | AV19: 0 | AW19: 0 | AX19: 0 | AY19: 0 | AZ19: 0 | BA19: 0 | BB19: 0 | BC19: 0 | BD19: 0 | BE19: 0 | BF19: 0 | BG19: 0 | BH19: 0 | BI19: 0 | BJ19: 0 | BK19: 0 | BL19: 0 | BM19: 0 | BN19: 0 | BO19: 0 | BP19: 0 | BQ19: 0 | BR19: 0 | BS19: 0 | BT19: 0 | BU19: 0 | BV19: 0 | BW19: 0 | BX19: 0 | BY19: 0 | BZ19: 0 | CA19: 0 | CB19: 0 | CC19: 0 | CD19: 0 | CE19: 0 | CF19: 0 | CG19: 0 | CH19: 0 | CI19: 0 | CJ19: 0 | CK19: 0 | CL19: 0 | CM19: 0 | CN19: 0 | CO19: 0 | CP19: 0 | CQ19: 0 | CR19: 0 | CS19: 0 | CT19: 0 | CU19: 0 | CV19: 0 | CW19: 0 | CX19: 0 | CY19: 0 | CZ19: TAMANCO DUDA COURO VEGETAL SEDA KARYBY 1 | DA19: CALCADOS | DB19: TAMANCO | DC19: CALCADOS 33 - 40 | DD19: PAR | DE19: 0.52500000 | DF19: .T. | DG19: CAMEL | DH19: .F. | DJ19: 124111619 | DK19: 0 | DL19: 5 | DM19: 1 | DN19: 1 | DO19: 4 | DP19: 4 | DQ19: 0 | DR19: 1 | DS19: 0 | DT19: 0 | DU19: 0 | DV19: 0 | DW19: 0 | DX19: 0 | DY19: 0 | DZ19: 0 | EA19: 0 | EB19: 0 | EC19: 0 | ED19: 0 | EE19: 0 | EF19: 0 | EG19: 0 | EH19: 0 | EI19: 0 | EJ19: 0 | EK19: 0 | EL19: 0 | EM19: 0 | EN19: 0 | EO19: 0 | EP19: 0 | EQ19: 0 | ER19: 0 | ES19: 0 | ET19: 0 | EU19: 0 | EV19: 0 | EW19: 0 | EX19: 0 | EY19: 0 | EZ19: 0 | FA19: 0 | FB19: 0 | FC19: 0 | FD19: 0 | FE19: 0 | FF19: 0 | FG19: 1.1111111e+47 | FH19: .F. | FI19: .F. | FJ19: 0 | FK19: 0 | FL19: 0 | FM19: 0 | FN19: 0 | FO19: 0 | FP19: 0 | FQ19: 0 | FR19: 0 | FS19: 0 | FT19: 0 | FU19: 0 | FV19: 0 | FW19: (nulo) | FX19: (nulo) | FY19: (nulo) | FZ19: (nulo) | GA19: (nulo) | GB19: (nulo) | GC19: (nulo) | GD19: (nulo) | GE19: (nulo) | GF19: (nulo) | GG19: (nulo) | GH19: (nulo) | GI19: (nulo) | GJ19: (nulo) | GK19: (nulo) | GL19: (nulo) | GM19: (nulo) | GN19: 0 | GO19: 0 | GP19: 0 | GQ19: 0 | GR19: 0 | GS19: 0 | GT19: 0 | GU19: 0 | GV19: 0 | GW19: 0 | GX19: 0 | GY19: 0 | GZ19: 0 | HA19: 0 | HB19: 0 | HC19: 0 | HD19: 0 | HE19: 0 | HF19: 0 | HG19: 0 | HH19: 0 | HI19: 0 | HJ19: 0 | HK19: 0 | HL19: 0 | HM19: 0 | HN19: 0 | HO19: 0 | HP19: 0 | HQ19: 0 | HR19: 0 | HS19: 0 | HT19: 0
A20: 38725 | B20: 254 | C20: AJUSTES INICIAIL 0103 | D20: Classica | E20: 16 | F20: 16 | G20: =E20-F20 -> 0 | H20: 0 | I20: 1 | J20: 5 | K20: 4 | L20: 2 | M20: 3 | N20: 1 | O20: 0 | P20: 0 | Q20: 0 | R20: 0 | S20: 0 | T20: 0 | U20: 0 | V20: 0 | W20: 0 | X20: 0 | Y20: 0 | Z20: 0 | AA20: 0 | AB20: 0 | AC20: 0 | AD20: 0 | AE20: 0 | AF20: 0 | AG20: 0 | AH20: 0 | AI20: 0 | AJ20: 0 | AK20: 0 | AL20: 0 | AM20: 0 | AN20: 0 | AO20: 0 | AP20: 0 | AQ20: 0 | AR20: 0 | AS20: 0 | AT20: 0 | AU20: 0 | AV20: 0 | AW20: 0 | AX20: 0 | AY20: 0 | AZ20: 0 | BA20: 0 | BB20: 0 | BC20: 0 | BD20: 0 | BE20: 0 | BF20: 0 | BG20: 0 | BH20: 0 | BI20: 0 | BJ20: 0 | BK20: 0 | BL20: 0 | BM20: 0 | BN20: 0 | BO20: 0 | BP20: 0 | BQ20: 0 | BR20: 0 | BS20: 0 | BT20: 0 | BU20: 0 | BV20: 0 | BW20: 0 | BX20: 0 | BY20: 0 | BZ20: 0 | CA20: 0 | CB20: 0 | CC20: 0 | CD20: 0 | CE20: 0 | CF20: 0 | CG20: 0 | CH20: 0 | CI20: 0 | CJ20: 0 | CK20: 0 | CL20: 0 | CM20: 0 | CN20: 0 | CO20: 0 | CP20: 0 | CQ20: 0 | CR20: 0 | CS20: 0 | CT20: 0 | CU20: 0 | CV20: 0 | CW20: 0 | CX20: 0 | CY20: 0 | CZ20: TAMANCO DUDA COURO VEGETAL SEDA KARYBY 1 | DA20: CALCADOS | DB20: TAMANCO | DC20: CALCADOS 33 - 40 | DD20: PAR | DE20: 0.52500000 | DF20: .T. | DG20: CORAL | DH20: .F. | DJ20: 124111619 | DK20: 0 | DL20: 1 | DM20: 5 | DN20: 4 | DO20: 2 | DP20: 3 | DQ20: 1 | DR20: 0 | DS20: 0 | DT20: 0 | DU20: 0 | DV20: 0 | DW20: 0 | DX20: 0 | DY20: 0 | DZ20: 0 | EA20: 0 | EB20: 0 | EC20: 0 | ED20: 0 | EE20: 0 | EF20: 0 | EG20: 0 | EH20: 0 | EI20: 0 | EJ20: 0 | EK20: 0 | EL20: 0 | EM20: 0 | EN20: 0 | EO20: 0 | EP20: 0 | EQ20: 0 | ER20: 0 | ES20: 0 | ET20: 0 | EU20: 0 | EV20: 0 | EW20: 0 | EX20: 0 | EY20: 0 | EZ20: 0 | FA20: 0 | FB20: 0 | FC20: 0 | FD20: 0 | FE20: 0 | FF20: 0 | FG20: 1.1111111e+47 | FH20: .F. | FI20: .F. | FJ20: 0 | FK20: 0 | FL20: 0 | FM20: 0 | FN20: 0 | FO20: 0 | FP20: 0 | FQ20: 0 | FR20: 0 | FS20: 0 | FT20: 0 | FU20: 0 | FV20: 0 | FW20: (nulo) | FX20: (nulo) | FY20: (nulo) | FZ20: (nulo) | GA20: (nulo) | GB20: (nulo) | GC20: (nulo) | GD20: (nulo) | GE20: (nulo) | GF20: (nulo) | GG20: (nulo) | GH20: (nulo) | GI20: (nulo) | GJ20: (nulo) | GK20: (nulo) | GL20: (nulo) | GM20: (nulo) | GN20: 0 | GO20: 0 | GP20: 0 | GQ20: 0 | GR20: 0 | GS20: 0 | GT20: 0 | GU20: 0 | GV20: 0 | GW20: 0 | GX20: 0 | GY20: 0 | GZ20: 0 | HA20: 0 | HB20: 0 | HC20: 0 | HD20: 0 | HE20: 0 | HF20: 0 | HG20: 0 | HH20: 0 | HI20: 0 | HJ20: 0 | HK20: 0 | HL20: 0 | HM20: 0 | HN20: 0 | HO20: 0 | HP20: 0 | HQ20: 0 | HR20: 0 | HS20: 0 | HT20: 0
A21: 38725 | B21: 8064 | C21: AJUSTES INICIAIL 0103 | E21: 5 | F21: 5 | G21: =E21-F21 -> 0 | H21: 0 | I21: 0 | J21: 2 | K21: 0 | L21: 1 | M21: 1 | N21: 1 | O21: 0 | P21: 0 | Q21: 0 | R21: 0 | S21: 0 | T21: 0 | U21: 0 | V21: 0 | W21: 0 | X21: 0 | Y21: 0 | Z21: 0 | AA21: 0 | AB21: 0 | AC21: 0 | AD21: 0 | AE21: 0 | AF21: 0 | AG21: 0 | AH21: 0 | AI21: 0 | AJ21: 0 | AK21: 0 | AL21: 0 | AM21: 0 | AN21: 0 | AO21: 0 | AP21: 0 | AQ21: 0 | AR21: 0 | AS21: 0 | AT21: 0 | AU21: 0 | AV21: 0 | AW21: 0 | AX21: 0 | AY21: 0 | AZ21: 0 | BA21: 0 | BB21: 0 | BC21: 0 | BD21: 0 | BE21: 0 | BF21: 0 | BG21: 0 | BH21: 0 | BI21: 0 | BJ21: 0 | BK21: 0 | BL21: 0 | BM21: 0 | BN21: 0 | BO21: 0 | BP21: 0 | BQ21: 0 | BR21: 0 | BS21: 0 | BT21: 0 | BU21: 0 | BV21: 0 | BW21: 0 | BX21: 0 | BY21: 0 | BZ21: 0 | CA21: 0 | CB21: 0 | CC21: 0 | CD21: 0 | CE21: 0 | CF21: 0 | CG21: 0 | CH21: 0 | CI21: 0 | CJ21: 0 | CK21: 0 | CL21: 0 | CM21: 0 | CN21: 0 | CO21: 0 | CP21: 0 | CQ21: 0 | CR21: 0 | CS21: 0 | CT21: 0 | CU21: 0 | CV21: 0 | CW21: 0 | CX21: 0 | CY21: 0 | CZ21: TAMANCO DUDA COURO VEGETAL SEDA KARYBY 1 | DA21: CALCADOS | DB21: TAMANCO | DC21: CALCADOS 33 - 40 | DD21: PAR | DE21: 0.52500000 | DF21: .T. | DG21: COTTON | DH21: .F. | DJ21: 124111619 | DK21: 0 | DL21: 0 | DM21: 2 | DN21: 0 | DO21: 1 | DP21: 1 | DQ21: 1 | DR21: 0 | DS21: 0 | DT21: 0 | DU21: 0 | DV21: 0 | DW21: 0 | DX21: 0 | DY21: 0 | DZ21: 0 | EA21: 0 | EB21: 0 | EC21: 0 | ED21: 0 | EE21: 0 | EF21: 0 | EG21: 0 | EH21: 0 | EI21: 0 | EJ21: 0 | EK21: 0 | EL21: 0 | EM21: 0 | EN21: 0 | EO21: 0 | EP21: 0 | EQ21: 0 | ER21: 0 | ES21: 0 | ET21: 0 | EU21: 0 | EV21: 0 | EW21: 0 | EX21: 0 | EY21: 0 | EZ21: 0 | FA21: 0 | FB21: 0 | FC21: 0 | FD21: 0 | FE21: 0 | FF21: 0 | FG21: 1.1111111e+47 | FH21: .F. | FI21: .F. | FJ21: 0 | FK21: 0 | FL21: 0 | FM21: 0 | FN21: 0 | FO21: 0 | FP21: 0 | FQ21: 0 | FR21: 0 | FS21: 0 | FT21: 0 | FU21: 0 | FV21: 0 | FW21: (nulo) | FX21: (nulo) | FY21: (nulo) | FZ21: (nulo) | GA21: (nulo) | GB21: (nulo) | GC21: (nulo) | GD21: (nulo) | GE21: (nulo) | GF21: (nulo) | GG21: (nulo) | GH21: (nulo) | GI21: (nulo) | GJ21: (nulo) | GK21: (nulo) | GL21: (nulo) | GM21: (nulo) | GN21: 0 | GO21: 0 | GP21: 0 | GQ21: 0 | GR21: 0 | GS21: 0 | GT21: 0 | GU21: 0 | GV21: 0 | GW21: 0 | GX21: 0 | GY21: 0 | GZ21: 0 | HA21: 0 | HB21: 0 | HC21: 0 | HD21: 0 | HE21: 0 | HF21: 0 | HG21: 0 | HH21: 0 | HI21: 0 | HJ21: 0 | HK21: 0 | HL21: 0 | HM21: 0 | HN21: 0 | HO21: 0 | HP21: 0 | HQ21: 0 | HR21: 0 | HS21: 0 | HT21: 0
A22: 38725 | B22: 2354 | C22: AJUSTES INICIAIL 0103 | E22: 1 | F22: 1 | G22: =E22-F22 -> 0 | H22: 0 | I22: 0 | J22: 0 | K22: 0 | L22: 0 | M22: 0 | N22: 1 | O22: 0 | P22: 0 | Q22: 0 | R22: 0 | S22: 0 | T22: 0 | U22: 0 | V22: 0 | W22: 0 | X22: 0 | Y22: 0 | Z22: 0 | AA22: 0 | AB22: 0 | AC22: 0 | AD22: 0 | AE22: 0 | AF22: 0 | AG22: 0 | AH22: 0 | AI22: 0 | AJ22: 0 | AK22: 0 | AL22: 0 | AM22: 0 | AN22: 0 | AO22: 0 | AP22: 0 | AQ22: 0 | AR22: 0 | AS22: 0 | AT22: 0 | AU22: 0 | AV22: 0 | AW22: 0 | AX22: 0 | AY22: 0 | AZ22: 0 | BA22: 0 | BB22: 0 | BC22: 0 | BD22: 0 | BE22: 0 | BF22: 0 | BG22: 0 | BH22: 0 | BI22: 0 | BJ22: 0 | BK22: 0 | BL22: 0 | BM22: 0 | BN22: 0 | BO22: 0 | BP22: 0 | BQ22: 0 | BR22: 0 | BS22: 0 | BT22: 0 | BU22: 0 | BV22: 0 | BW22: 0 | BX22: 0 | BY22: 0 | BZ22: 0 | CA22: 0 | CB22: 0 | CC22: 0 | CD22: 0 | CE22: 0 | CF22: 0 | CG22: 0 | CH22: 0 | CI22: 0 | CJ22: 0 | CK22: 0 | CL22: 0 | CM22: 0 | CN22: 0 | CO22: 0 | CP22: 0 | CQ22: 0 | CR22: 0 | CS22: 0 | CT22: 0 | CU22: 0 | CV22: 0 | CW22: 0 | CX22: 0 | CY22: 0 | CZ22: TAMANCO DUDA COURO VEGETAL SEDA KARYBY 1 | DA22: CALCADOS | DB22: TAMANCO | DC22: CALCADOS 33 - 40 | DD22: PAR | DE22: 0.52500000 | DF22: .T. | DG22: PINHA | DH22: .F. | DJ22: 124111619 | DK22: 0 | DL22: 0 | DM22: 0 | DN22: 0 | DO22: 0 | DP22: 0 | DQ22: 1 | DR22: 0 | DS22: 0 | DT22: 0 | DU22: 0 | DV22: 0 | DW22: 0 | DX22: 0 | DY22: 0 | DZ22: 0 | EA22: 0 | EB22: 0 | EC22: 0 | ED22: 0 | EE22: 0 | EF22: 0 | EG22: 0 | EH22: 0 | EI22: 0 | EJ22: 0 | EK22: 0 | EL22: 0 | EM22: 0 | EN22: 0 | EO22: 0 | EP22: 0 | EQ22: 0 | ER22: 0 | ES22: 0 | ET22: 0 | EU22: 0 | EV22: 0 | EW22: 0 | EX22: 0 | EY22: 0 | EZ22: 0 | FA22: 0 | FB22: 0 | FC22: 0 | FD22: 0 | FE22: 0 | FF22: 0 | FG22: 1.1111111e+47 | FH22: .F. | FI22: .F. | FJ22: 0 | FK22: 0 | FL22: 0 | FM22: 0 | FN22: 0 | FO22: 0 | FP22: 0 | FQ22: 0 | FR22: 0 | FS22: 0 | FT22: 0 | FU22: 0 | FV22: 0 | FW22: (nulo) | FX22: (nulo) | FY22: (nulo) | FZ22: (nulo) | GA22: (nulo) | GB22: (nulo) | GC22: (nulo) | GD22: (nulo) | GE22: (nulo) | GF22: (nulo) | GG22: (nulo) | GH22: (nulo) | GI22: (nulo) | GJ22: (nulo) | GK22: (nulo) | GL22: (nulo) | GM22: (nulo) | GN22: 0 | GO22: 0 | GP22: 0 | GQ22: 0 | GR22: 0 | GS22: 0 | GT22: 0 | GU22: 0 | GV22: 0 | GW22: 0 | GX22: 0 | GY22: 0 | GZ22: 0 | HA22: 0 | HB22: 0 | HC22: 0 | HD22: 0 | HE22: 0 | HF22: 0 | HG22: 0 | HH22: 0 | HI22: 0 | HJ22: 0 | HK22: 0 | HL22: 0 | HM22: 0 | HN22: 0 | HO22: 0 | HP22: 0 | HQ22: 0 | HR22: 0 | HS22: 0 | HT22: 0
A23: 38749 | B23: 30 | C23: AJUSTES INICIAIL 0103 | E23: 2 | F23: 2 | G23: =E23-F23 -> 0 | H23: 0 | I23: 0 | J23: 0 | K23: 0 | L23: 1 | M23: 1 | N23: 0 | O23: 0 | P23: 0 | Q23: 0 | R23: 0 | S23: 0 | T23: 0 | U23: 0 | V23: 0 | W23: 0 | X23: 0 | Y23: 0 | Z23: 0 | AA23: 0 | AB23: 0 | AC23: 0 | AD23: 0 | AE23: 0 | AF23: 0 | AG23: 0 | AH23: 0 | AI23: 0 | AJ23: 0 | AK23: 0 | AL23: 0 | AM23: 0 | AN23: 0 | AO23: 0 | AP23: 0 | AQ23: 0 | AR23: 0 | AS23: 0 | AT23: 0 | AU23: 0 | AV23: 0 | AW23: 0 | AX23: 0 | AY23: 0 | AZ23: 0 | BA23: 0 | BB23: 0 | BC23: 0 | BD23: 0 | BE23: 0 | BF23: 0 | BG23: 0 | BH23: 0 | BI23: 0 | BJ23: 0 | BK23: 0 | BL23: 0 | BM23: 0 | BN23: 0 | BO23: 0 | BP23: 0 | BQ23: 0 | BR23: 0 | BS23: 0 | BT23: 0 | BU23: 0 | BV23: 0 | BW23: 0 | BX23: 0 | BY23: 0 | BZ23: 0 | CA23: 0 | CB23: 0 | CC23: 0 | CD23: 0 | CE23: 0 | CF23: 0 | CG23: 0 | CH23: 0 | CI23: 0 | CJ23: 0 | CK23: 0 | CL23: 0 | CM23: 0 | CN23: 0 | CO23: 0 | CP23: 0 | CQ23: 0 | CR23: 0 | CS23: 0 | CT23: 0 | CU23: 0 | CV23: 0 | CW23: 0 | CX23: 0 | CY23: 0 | CZ23: ANABELA SULA CAMURCAO KARYBY 7386572 | DA23: CALCADOS | DB23: ANABELA | DC23: CALCADOS 33 - 40 | DD23: PAR | DE23: 0.48400000 | DF23: .T. | DG23: CAMEL | DH23: .F. | DJ23: 7386572 | DK23: 0 | DL23: 0 | DM23: 0 | DN23: 0 | DO23: 1 | DP23: 1 | DQ23: 0 | DR23: 0 | DS23: 0 | DT23: 0 | DU23: 0 | DV23: 0 | DW23: 0 | DX23: 0 | DY23: 0 | DZ23: 0 | EA23: 0 | EB23: 0 | EC23: 0 | ED23: 0 | EE23: 0 | EF23: 0 | EG23: 0 | EH23: 0 | EI23: 0 | EJ23: 0 | EK23: 0 | EL23: 0 | EM23: 0 | EN23: 0 | EO23: 0 | EP23: 0 | EQ23: 0 | ER23: 0 | ES23: 0 | ET23: 0 | EU23: 0 | EV23: 0 | EW23: 0 | EX23: 0 | EY23: 0 | EZ23: 0 | FA23: 0 | FB23: 0 | FC23: 0 | FD23: 0 | FE23: 0 | FF23: 0 | FG23: 1.1111111e+47 | FH23: .F. | FI23: .F. | FJ23: 0 | FK23: 0 | FL23: 0 | FM23: 0 | FN23: 0 | FO23: 0 | FP23: 0 | FQ23: 0 | FR23: 0 | FS23: 0 | FT23: 0 | FU23: 0 | FV23: 0 | FW23: (nulo) | FX23: (nulo) | FY23: (nulo) | FZ23: (nulo) | GA23: (nulo) | GB23: (nulo) | GC23: (nulo) | GD23: (nulo) | GE23: (nulo) | GF23: (nulo) | GG23: (nulo) | GH23: (nulo) | GI23: (nulo) | GJ23: (nulo) | GK23: (nulo) | GL23: (nulo) | GM23: (nulo) | GN23: 0 | GO23: 0 | GP23: 0 | GQ23: 0 | GR23: 0 | GS23: 0 | GT23: 0 | GU23: 0 | GV23: 0 | GW23: 0 | GX23: 0 | GY23: 0 | GZ23: 0 | HA23: 0 | HB23: 0 | HC23: 0 | HD23: 0 | HE23: 0 | HF23: 0 | HG23: 0 | HH23: 0 | HI23: 0 | HJ23: 0 | HK23: 0 | HL23: 0 | HM23: 0 | HN23: 0 | HO23: 0 | HP23: 0 | HQ23: 0 | HR23: 0 | HS23: 0 | HT23: 0
A24: 38782 | B24: 2 | C24: AJUSTES INICIAIL 0103 | E24: 1 | F24: 1 | G24: =E24-F24 -> 0 | H24: 1 | I24: 0 | J24: 0 | K24: 0 | L24: 0 | M24: 0 | N24: 0 | O24: 0 | P24: 0 | Q24: 0 | R24: 0 | S24: 0 | T24: 0 | U24: 0 | V24: 0 | W24: 0 | X24: 0 | Y24: 0 | Z24: 0 | AA24: 0 | AB24: 0 | AC24: 0 | AD24: 0 | AE24: 0 | AF24: 0 | AG24: 0 | AH24: 0 | AI24: 0 | AJ24: 0 | AK24: 0 | AL24: 0 | AM24: 0 | AN24: 0 | AO24: 0 | AP24: 0 | AQ24: 0 | AR24: 0 | AS24: 0 | AT24: 0 | AU24: 0 | AV24: 0 | AW24: 0 | AX24: 0 | AY24: 0 | AZ24: 0 | BA24: 0 | BB24: 0 | BC24: 0 | BD24: 0 | BE24: 0 | BF24: 0 | BG24: 0 | BH24: 0 | BI24: 0 | BJ24: 0 | BK24: 0 | BL24: 0 | BM24: 0 | BN24: 0 | BO24: 0 | BP24: 0 | BQ24: 0 | BR24: 0 | BS24: 0 | BT24: 0 | BU24: 0 | BV24: 0 | BW24: 0 | BX24: 0 | BY24: 0 | BZ24: 0 | CA24: 0 | CB24: 0 | CC24: 0 | CD24: 0 | CE24: 0 | CF24: 0 | CG24: 0 | CH24: 0 | CI24: 0 | CJ24: 0 | CK24: 0 | CL24: 0 | CM24: 0 | CN24: 0 | CO24: 0 | CP24: 0 | CQ24: 0 | CR24: 0 | CS24: 0 | CT24: 0 | CU24: 0 | CV24: 0 | CW24: 0 | CX24: 0 | CY24: 0 | CZ24: CARTEIRA FLOATER YEGGUS CA2369M | DA24: ACESSORIOS | DB24: CARTEIRA | DC24: ACESSORIOS | DD24: UN | DE24: 0.10000000 | DF24: .T. | DG24: PRETA | DH24: .F. | DJ24: CA2369M | DK24: 1 | DL24: 0 | DM24: 0 | DN24: 0 | DO24: 0 | DP24: 0 | DQ24: 0 | DR24: 0 | DS24: 0 | DT24: 0 | DU24: 0 | DV24: 0 | DW24: 0 | DX24: 0 | DY24: 0 | DZ24: 0 | EA24: 0 | EB24: 0 | EC24: 0 | ED24: 0 | EE24: 0 | EF24: 0 | EG24: 0 | EH24: 0 | EI24: 0 | EJ24: 0 | EK24: 0 | EL24: 0 | EM24: 0 | EN24: 0 | EO24: 0 | EP24: 0 | EQ24: 0 | ER24: 0 | ES24: 0 | ET24: 0 | EU24: 0 | EV24: 0 | EW24: 0 | EX24: 0 | EY24: 0 | EZ24: 0 | FA24: 0 | FB24: 0 | FC24: 0 | FD24: 0 | FE24: 0 | FF24: 0 | FG24: 1.1111111e+47 | FH24: .F. | FI24: .F. | FJ24: 0 | FK24: 0 | FL24: 0 | FM24: 0 | FN24: 0 | FO24: 0 | FP24: 0 | FQ24: 0 | FR24: 0 | FS24: 0 | FT24: 0 | FU24: 0 | FV24: 0 | FW24: (nulo) | FX24: (nulo) | FY24: (nulo) | FZ24: (nulo) | GA24: (nulo) | GB24: (nulo) | GC24: (nulo) | GD24: (nulo) | GE24: (nulo) | GF24: (nulo) | GG24: (nulo) | GH24: (nulo) | GI24: (nulo) | GJ24: (nulo) | GK24: (nulo) | GL24: (nulo) | GM24: (nulo) | GN24: 0 | GO24: 0 | GP24: 0 | GQ24: 0 | GR24: 0 | GS24: 0 | GT24: 0 | GU24: 0 | GV24: 0 | GW24: 0 | GX24: 0 | GY24: 0 | GZ24: 0 | HA24: 0 | HB24: 0 | HC24: 0 | HD24: 0 | HE24: 0 | HF24: 0 | HG24: 0 | HH24: 0 | HI24: 0 | HJ24: 0 | HK24: 0 | HL24: 0 | HM24: 0 | HN24: 0 | HO24: 0 | HP24: 0 | HQ24: 0 | HR24: 0 | HS24: 0 | HT24: 0
A25: 38886 | B25: 30 | C25: AJUSTES INICIAIL 0103 | E25: 2 | F25: 2 | G25: =E25-F25 -> 0 | H25: 2 | I25: 0 | J25: 0 | K25: 0 | L25: 0 | M25: 0 | N25: 0 | O25: 0 | P25: 0 | Q25: 0 | R25: 0 | S25: 0 | T25: 0 | U25: 0 | V25: 0 | W25: 0 | X25: 0 | Y25: 0 | Z25: 0 | AA25: 0 | AB25: 0 | AC25: 0 | AD25: 0 | AE25: 0 | AF25: 0 | AG25: 0 | AH25: 0 | AI25: 0 | AJ25: 0 | AK25: 0 | AL25: 0 | AM25: 0 | AN25: 0 | AO25: 0 | AP25: 0 | AQ25: 0 | AR25: 0 | AS25: 0 | AT25: 0 | AU25: 0 | AV25: 0 | AW25: 0 | AX25: 0 | AY25: 0 | AZ25: 0 | BA25: 0 | BB25: 0 | BC25: 0 | BD25: 0 | BE25: 0 | BF25: 0 | BG25: 0 | BH25: 0 | BI25: 0 | BJ25: 0 | BK25: 0 | BL25: 0 | BM25: 0 | BN25: 0 | BO25: 0 | BP25: 0 | BQ25: 0 | BR25: 0 | BS25: 0 | BT25: 0 | BU25: 0 | BV25: 0 | BW25: 0 | BX25: 0 | BY25: 0 | BZ25: 0 | CA25: 0 | CB25: 0 | CC25: 0 | CD25: 0 | CE25: 0 | CF25: 0 | CG25: 0 | CH25: 0 | CI25: 0 | CJ25: 0 | CK25: 0 | CL25: 0 | CM25: 0 | CN25: 0 | CO25: 0 | CP25: 0 | CQ25: 0 | CR25: 0 | CS25: 0 | CT25: 0 | CU25: 0 | CV25: 0 | CW25: 0 | CX25: 0 | CY25: 0 | CZ25: BOLSA SINT M FLOATER SEMAX SDP123 | DA25: BOLSAS | DB25: BOLSA SINT M | DC25: BOLSAS | DD25: UN | DE25: 0.40000000 | DF25: .T. | DG25: CAMEL | DH25: .F. | DJ25: SDP123 | DK25: 2 | DL25: 0 | DM25: 0 | DN25: 0 | DO25: 0 | DP25: 0 | DQ25: 0 | DR25: 0 | DS25: 0 | DT25: 0 | DU25: 0 | DV25: 0 | DW25: 0 | DX25: 0 | DY25: 0 | DZ25: 0 | EA25: 0 | EB25: 0 | EC25: 0 | ED25: 0 | EE25: 0 | EF25: 0 | EG25: 0 | EH25: 0 | EI25: 0 | EJ25: 0 | EK25: 0 | EL25: 0 | EM25: 0 | EN25: 0 | EO25: 0 | EP25: 0 | EQ25: 0 | ER25: 0 | ES25: 0 | ET25: 0 | EU25: 0 | EV25: 0 | EW25: 0 | EX25: 0 | EY25: 0 | EZ25: 0 | FA25: 0 | FB25: 0 | FC25: 0 | FD25: 0 | FE25: 0 | FF25: 0 | FG25: 1.1111111e+47 | FH25: .F. | FI25: .F. | FJ25: 0 | FK25: 0 | FL25: 0 | FM25: 0 | FN25: 0 | FO25: 0 | FP25: 0 | FQ25: 0 | FR25: 0 | FS25: 0 | FT25: 0 | FU25: 0 | FV25: 0 | FW25: (nulo) | FX25: (nulo) | FY25: (nulo) | FZ25: (nulo) | GA25: (nulo) | GB25: (nulo) | GC25: (nulo) | GD25: (nulo) | GE25: (nulo) | GF25: (nulo) | GG25: (nulo) | GH25: (nulo) | GI25: (nulo) | GJ25: (nulo) | GK25: (nulo) | GL25: (nulo) | GM25: (nulo) | GN25: 0 | GO25: 0 | GP25: 0 | GQ25: 0 | GR25: 0 | GS25: 0 | GT25: 0 | GU25: 0 | GV25: 0 | GW25: 0 | GX25: 0 | GY25: 0 | GZ25: 0 | HA25: 0 | HB25: 0 | HC25: 0 | HD25: 0 | HE25: 0 | HF25: 0 | HG25: 0 | HH25: 0 | HI25: 0 | HJ25: 0 | HK25: 0 | HL25: 0 | HM25: 0 | HN25: 0 | HO25: 0 | HP25: 0 | HQ25: 0 | HR25: 0 | HS25: 0 | HT25: 0
A26: 38964 | B26: 5868 | C26: AJUSTES INICIAIL 0103 | E26: 1 | F26: 1 | G26: =E26-F26 -> 0 | H26: 1 | I26: 0 | J26: 0 | K26: 0 | L26: 0 | M26: 0 | N26: 0 | O26: 0 | P26: 0 | Q26: 0 | R26: 0 | S26: 0 | T26: 0 | U26: 0 | V26: 0 | W26: 0 | X26: 0 | Y26: 0 | Z26: 0 | AA26: 0 | AB26: 0 | AC26: 0 | AD26: 0 | AE26: 0 | AF26: 0 | AG26: 0 | AH26: 0 | AI26: 0 | AJ26: 0 | AK26: 0 | AL26: 0 | AM26: 0 | AN26: 0 | AO26: 0 | AP26: 0 | AQ26: 0 | AR26: 0 | AS26: 0 | AT26: 0 | AU26: 0 | AV26: 0 | AW26: 0 | AX26: 0 | AY26: 0 | AZ26: 0 | BA26: 0 | BB26: 0 | BC26: 0 | BD26: 0 | BE26: 0 | BF26: 0 | BG26: 0 | BH26: 0 | BI26: 0 | BJ26: 0 | BK26: 0 | BL26: 0 | BM26: 0 | BN26: 0 | BO26: 0 | BP26: 0 | BQ26: 0 | BR26: 0 | BS26: 0 | BT26: 0 | BU26: 0 | BV26: 0 | BW26: 0 | BX26: 0 | BY26: 0 | BZ26: 0 | CA26: 0 | CB26: 0 | CC26: 0 | CD26: 0 | CE26: 0 | CF26: 0 | CG26: 0 | CH26: 0 | CI26: 0 | CJ26: 0 | CK26: 0 | CL26: 0 | CM26: 0 | CN26: 0 | CO26: 0 | CP26: 0 | CQ26: 0 | CR26: 0 | CS26: 0 | CT26: 0 | CU26: 0 | CV26: 0 | CW26: 0 | CX26: 0 | CY26: 0 | CZ26: RASTEIRA CHINELO EVELYN NAPA 1200591 MAS | DA26: CALCADOS | DB26: RASTEIRA CHINELO | DC26: CALCADOS 34 - 40 | DD26: PAR | DE26: 0.25000000 | DF26: .T. | DG26: BISCUIT | DH26: .F. | DJ26: 1200591 | DK26: 1 | DL26: 0 | DM26: 0 | DN26: 0 | DO26: 0 | DP26: 0 | DQ26: 0 | DR26: 0 | DS26: 0 | DT26: 0 | DU26: 0 | DV26: 0 | DW26: 0 | DX26: 0 | DY26: 0 | DZ26: 0 | EA26: 0 | EB26: 0 | EC26: 0 | ED26: 0 | EE26: 0 | EF26: 0 | EG26: 0 | EH26: 0 | EI26: 0 | EJ26: 0 | EK26: 0 | EL26: 0 | EM26: 0 | EN26: 0 | EO26: 0 | EP26: 0 | EQ26: 0 | ER26: 0 | ES26: 0 | ET26: 0 | EU26: 0 | EV26: 0 | EW26: 0 | EX26: 0 | EY26: 0 | EZ26: 0 | FA26: 0 | FB26: 0 | FC26: 0 | FD26: 0 | FE26: 0 | FF26: 0 | FG26: 1.1111111e+47 | FH26: .F. | FI26: .F. | FJ26: 0 | FK26: 0 | FL26: 0 | FM26: 0 | FN26: 0 | FO26: 0 | FP26: 0 | FQ26: 0 | FR26: 0 | FS26: 0 | FT26: 0 | FU26: 0 | FV26: 0 | FW26: (nulo) | FX26: (nulo) | FY26: (nulo) | FZ26: (nulo) | GA26: (nulo) | GB26: (nulo) | GC26: (nulo) | GD26: (nulo) | GE26: (nulo) | GF26: (nulo) | GG26: (nulo) | GH26: (nulo) | GI26: (nulo) | GJ26: (nulo) | GK26: (nulo) | GL26: (nulo) | GM26: (nulo) | GN26: 0 | GO26: 0 | GP26: 0 | GQ26: 0 | GR26: 0 | GS26: 0 | GT26: 0 | GU26: 0 | GV26: 0 | GW26: 0 | GX26: 0 | GY26: 0 | GZ26: 0 | HA26: 0 | HB26: 0 | HC26: 0 | HD26: 0 | HE26: 0 | HF26: 0 | HG26: 0 | HH26: 0 | HI26: 0 | HJ26: 0 | HK26: 0 | HL26: 0 | HM26: 0 | HN26: 0 | HO26: 0 | HP26: 0 | HQ26: 0 | HR26: 0 | HS26: 0 | HT26: 0
A27: 38965 | B27: 2 | C27: AJUSTES INICIAIL 0103 | E27: 6 | F27: 6 | G27: =E27-F27 -> 0 | H27: 0 | I27: 1 | J27: 1 | K27: 1 | L27: 2 | M27: 1 | N27: 0 | O27: 0 | P27: 0 | Q27: 0 | R27: 0 | S27: 0 | T27: 0 | U27: 0 | V27: 0 | W27: 0 | X27: 0 | Y27: 0 | Z27: 0 | AA27: 0 | AB27: 0 | AC27: 0 | AD27: 0 | AE27: 0 | AF27: 0 | AG27: 0 | AH27: 0 | AI27: 0 | AJ27: 0 | AK27: 0 | AL27: 0 | AM27: 0 | AN27: 0 | AO27: 0 | AP27: 0 | AQ27: 0 | AR27: 0 | AS27: 0 | AT27: 0 | AU27: 0 | AV27: 0 | AW27: 0 | AX27: 0 | AY27: 0 | AZ27: 0 | BA27: 0 | BB27: 0 | BC27: 0 | BD27: 0 | BE27: 0 | BF27: 0 | BG27: 0 | BH27: 0 | BI27: 0 | BJ27: 0 | BK27: 0 | BL27: 0 | BM27: 0 | BN27: 0 | BO27: 0 | BP27: 0 | BQ27: 0 | BR27: 0 | BS27: 0 | BT27: 0 | BU27: 0 | BV27: 0 | BW27: 0 | BX27: 0 | BY27: 0 | BZ27: 0 | CA27: 0 | CB27: 0 | CC27: 0 | CD27: 0 | CE27: 0 | CF27: 0 | CG27: 0 | CH27: 0 | CI27: 0 | CJ27: 0 | CK27: 0 | CL27: 0 | CM27: 0 | CN27: 0 | CO27: 0 | CP27: 0 | CQ27: 0 | CR27: 0 | CS27: 0 | CT27: 0 | CU27: 0 | CV27: 0 | CW27: 0 | CX27: 0 | CY27: 0 | CZ27: SANDALIA ALTA LUCIANA NAPA PARABELLA 860 | DA27: CALCADOS | DB27: SANDALIA ALTA | DC27: CALCADOS 34 - 39 | DD27: PAR | DE27: 0.36000000 | DF27: .T. | DG27: PRETA | DH27: .F. | DJ27: 8600699 | DK27: 0 | DL27: 1 | DM27: 1 | DN27: 1 | DO27: 2 | DP27: 1 | DQ27: 0 | DR27: 0 | DS27: 0 | DT27: 0 | DU27: 0 | DV27: 0 | DW27: 0 | DX27: 0 | DY27: 0 | DZ27: 0 | EA27: 0 | EB27: 0 | EC27: 0 | ED27: 0 | EE27: 0 | EF27: 0 | EG27: 0 | EH27: 0 | EI27: 0 | EJ27: 0 | EK27: 0 | EL27: 0 | EM27: 0 | EN27: 0 | EO27: 0 | EP27: 0 | EQ27: 0 | ER27: 0 | ES27: 0 | ET27: 0 | EU27: 0 | EV27: 0 | EW27: 0 | EX27: 0 | EY27: 0 | EZ27: 0 | FA27: 0 | FB27: 0 | FC27: 0 | FD27: 0 | FE27: 0 | FF27: 0 | FG27: 1.1111111e+47 | FH27: .F. | FI27: .F. | FJ27: 0 | FK27: 0 | FL27: 0 | FM27: 0 | FN27: 0 | FO27: 0 | FP27: 0 | FQ27: 0 | FR27: 0 | FS27: 0 | FT27: 0 | FU27: 0 | FV27: 0 | FW27: (nulo) | FX27: (nulo) | FY27: (nulo) | FZ27: (nulo) | GA27: (nulo) | GB27: (nulo) | GC27: (nulo) | GD27: (nulo) | GE27: (nulo) | GF27: (nulo) | GG27: (nulo) | GH27: (nulo) | GI27: (nulo) | GJ27: (nulo) | GK27: (nulo) | GL27: (nulo) | GM27: (nulo) | GN27: 0 | GO27: 0 | GP27: 0 | GQ27: 0 | GR27: 0 | GS27: 0 | GT27: 0 | GU27: 0 | GV27: 0 | GW27: 0 | GX27: 0 | GY27: 0 | GZ27: 0 | HA27: 0 | HB27: 0 | HC27: 0 | HD27: 0 | HE27: 0 | HF27: 0 | HG27: 0 | HH27: 0 | HI27: 0 | HJ27: 0 | HK27: 0 | HL27: 0 | HM27: 0 | HN27: 0 | HO27: 0 | HP27: 0 | HQ27: 0 | HR27: 0 | HS27: 0 | HT27: 0
A28: 38965 | B28: 5868 | C28: AJUSTES INICIAIL 0103 | E28: 5 | F28: 5 | G28: =E28-F28 -> 0 | H28: 0 | I28: 1 | J28: 1 | K28: 1 | L28: 1 | M28: 1 | N28: 0 | O28: 0 | P28: 0 | Q28: 0 | R28: 0 | S28: 0 | T28: 0 | U28: 0 | V28: 0 | W28: 0 | X28: 0 | Y28: 0 | Z28: 0 | AA28: 0 | AB28: 0 | AC28: 0 | AD28: 0 | AE28: 0 | AF28: 0 | AG28: 0 | AH28: 0 | AI28: 0 | AJ28: 0 | AK28: 0 | AL28: 0 | AM28: 0 | AN28: 0 | AO28: 0 | AP28: 0 | AQ28: 0 | AR28: 0 | AS28: 0 | AT28: 0 | AU28: 0 | AV28: 0 | AW28: 0 | AX28: 0 | AY28: 0 | AZ28: 0 | BA28: 0 | BB28: 0 | BC28: 0 | BD28: 0 | BE28: 0 | BF28: 0 | BG28: 0 | BH28: 0 | BI28: 0 | BJ28: 0 | BK28: 0 | BL28: 0 | BM28: 0 | BN28: 0 | BO28: 0 | BP28: 0 | BQ28: 0 | BR28: 0 | BS28: 0 | BT28: 0 | BU28: 0 | BV28: 0 | BW28: 0 | BX28: 0 | BY28: 0 | BZ28: 0 | CA28: 0 | CB28: 0 | CC28: 0 | CD28: 0 | CE28: 0 | CF28: 0 | CG28: 0 | CH28: 0 | CI28: 0 | CJ28: 0 | CK28: 0 | CL28: 0 | CM28: 0 | CN28: 0 | CO28: 0 | CP28: 0 | CQ28: 0 | CR28: 0 | CS28: 0 | CT28: 0 | CU28: 0 | CV28: 0 | CW28: 0 | CX28: 0 | CY28: 0 | CZ28: SANDALIA ALTA LUCIANA NAPA PARABELLA 860 | DA28: CALCADOS | DB28: SANDALIA ALTA | DC28: CALCADOS 34 - 39 | DD28: PAR | DE28: 0.36000000 | DF28: .T. | DG28: BISCUIT | DH28: .F. | DJ28: 8600699 | DK28: 0 | DL28: 1 | DM28: 1 | DN28: 1 | DO28: 1 | DP28: 1 | DQ28: 0 | DR28: 0 | DS28: 0 | DT28: 0 | DU28: 0 | DV28: 0 | DW28: 0 | DX28: 0 | DY28: 0 | DZ28: 0 | EA28: 0 | EB28: 0 | EC28: 0 | ED28: 0 | EE28: 0 | EF28: 0 | EG28: 0 | EH28: 0 | EI28: 0 | EJ28: 0 | EK28: 0 | EL28: 0 | EM28: 0 | EN28: 0 | EO28: 0 | EP28: 0 | EQ28: 0 | ER28: 0 | ES28: 0 | ET28: 0 | EU28: 0 | EV28: 0 | EW28: 0 | EX28: 0 | EY28: 0 | EZ28: 0 | FA28: 0 | FB28: 0 | FC28: 0 | FD28: 0 | FE28: 0 | FF28: 0 | FG28: 1.1111111e+47 | FH28: .F. | FI28: .F. | FJ28: 0 | FK28: 0 | FL28: 0 | FM28: 0 | FN28: 0 | FO28: 0 | FP28: 0 | FQ28: 0 | FR28: 0 | FS28: 0 | FT28: 0 | FU28: 0 | FV28: 0 | FW28: (nulo) | FX28: (nulo) | FY28: (nulo) | FZ28: (nulo) | GA28: (nulo) | GB28: (nulo) | GC28: (nulo) | GD28: (nulo) | GE28: (nulo) | GF28: (nulo) | GG28: (nulo) | GH28: (nulo) | GI28: (nulo) | GJ28: (nulo) | GK28: (nulo) | GL28: (nulo) | GM28: (nulo) | GN28: 0 | GO28: 0 | GP28: 0 | GQ28: 0 | GR28: 0 | GS28: 0 | GT28: 0 | GU28: 0 | GV28: 0 | GW28: 0 | GX28: 0 | GY28: 0 | GZ28: 0 | HA28: 0 | HB28: 0 | HC28: 0 | HD28: 0 | HE28: 0 | HF28: 0 | HG28: 0 | HH28: 0 | HI28: 0 | HJ28: 0 | HK28: 0 | HL28: 0 | HM28: 0 | HN28: 0 | HO28: 0 | HP28: 0 | HQ28: 0 | HR28: 0 | HS28: 0 | HT28: 0
A29: 38965 | B29: 8064 | C29: AJUSTES INICIAIL 0103 | E29: 4 | F29: 4 | G29: =E29-F29 -> 0 | H29: 1 | I29: 1 | J29: 1 | K29: 1 | L29: 0 | M29: 0 | N29: 0 | O29: 0 | P29: 0 | Q29: 0 | R29: 0 | S29: 0 | T29: 0 | U29: 0 | V29: 0 | W29: 0 | X29: 0 | Y29: 0 | Z29: 0 | AA29: 0 | AB29: 0 | AC29: 0 | AD29: 0 | AE29: 0 | AF29: 0 | AG29: 0 | AH29: 0 | AI29: 0 | AJ29: 0 | AK29: 0 | AL29: 0 | AM29: 0 | AN29: 0 | AO29: 0 | AP29: 0 | AQ29: 0 | AR29: 0 | AS29: 0 | AT29: 0 | AU29: 0 | AV29: 0 | AW29: 0 | AX29: 0 | AY29: 0 | AZ29: 0 | BA29: 0 | BB29: 0 | BC29: 0 | BD29: 0 | BE29: 0 | BF29: 0 | BG29: 0 | BH29: 0 | BI29: 0 | BJ29: 0 | BK29: 0 | BL29: 0 | BM29: 0 | BN29: 0 | BO29: 0 | BP29: 0 | BQ29: 0 | BR29: 0 | BS29: 0 | BT29: 0 | BU29: 0 | BV29: 0 | BW29: 0 | BX29: 0 | BY29: 0 | BZ29: 0 | CA29: 0 | CB29: 0 | CC29: 0 | CD29: 0 | CE29: 0 | CF29: 0 | CG29: 0 | CH29: 0 | CI29: 0 | CJ29: 0 | CK29: 0 | CL29: 0 | CM29: 0 | CN29: 0 | CO29: 0 | CP29: 0 | CQ29: 0 | CR29: 0 | CS29: 0 | CT29: 0 | CU29: 0 | CV29: 0 | CW29: 0 | CX29: 0 | CY29: 0 | CZ29: SANDALIA ALTA LUCIANA NAPA PARABELLA 860 | DA29: CALCADOS | DB29: SANDALIA ALTA | DC29: CALCADOS 34 - 39 | DD29: PAR | DE29: 0.36000000 | DF29: .T. | DG29: COTTON | DH29: .F. | DJ29: 8600699 | DK29: 1 | DL29: 1 | DM29: 1 | DN29: 1 | DO29: 0 | DP29: 0 | DQ29: 0 | DR29: 0 | DS29: 0 | DT29: 0 | DU29: 0 | DV29: 0 | DW29: 0 | DX29: 0 | DY29: 0 | DZ29: 0 | EA29: 0 | EB29: 0 | EC29: 0 | ED29: 0 | EE29: 0 | EF29: 0 | EG29: 0 | EH29: 0 | EI29: 0 | EJ29: 0 | EK29: 0 | EL29: 0 | EM29: 0 | EN29: 0 | EO29: 0 | EP29: 0 | EQ29: 0 | ER29: 0 | ES29: 0 | ET29: 0 | EU29: 0 | EV29: 0 | EW29: 0 | EX29: 0 | EY29: 0 | EZ29: 0 | FA29: 0 | FB29: 0 | FC29: 0 | FD29: 0 | FE29: 0 | FF29: 0 | FG29: 1.1111111e+47 | FH29: .F. | FI29: .F. | FJ29: 0 | FK29: 0 | FL29: 0 | FM29: 0 | FN29: 0 | FO29: 0 | FP29: 0 | FQ29: 0 | FR29: 0 | FS29: 0 | FT29: 0 | FU29: 0 | FV29: 0 | FW29: (nulo) | FX29: (nulo) | FY29: (nulo) | FZ29: (nulo) | GA29: (nulo) | GB29: (nulo) | GC29: (nulo) | GD29: (nulo) | GE29: (nulo) | GF29: (nulo) | GG29: (nulo) | GH29: (nulo) | GI29: (nulo) | GJ29: (nulo) | GK29: (nulo) | GL29: (nulo) | GM29: (nulo) | GN29: 0 | GO29: 0 | GP29: 0 | GQ29: 0 | GR29: 0 | GS29: 0 | GT29: 0 | GU29: 0 | GV29: 0 | GW29: 0 | GX29: 0 | GY29: 0 | GZ29: 0 | HA29: 0 | HB29: 0 | HC29: 0 | HD29: 0 | HE29: 0 | HF29: 0 | HG29: 0 | HH29: 0 | HI29: 0 | HJ29: 0 | HK29: 0 | HL29: 0 | HM29: 0 | HN29: 0 | HO29: 0 | HP29: 0 | HQ29: 0 | HR29: 0 | HS29: 0 | HT29: 0
A30: 38970 | B30: 5868 | C30: AJUSTES INICIAIL 0103 | E30: 1 | F30: 1 | G30: =E30-F30 -> 0 | H30: 0 | I30: 0 | J30: 0 | K30: 0 | L30: 0 | M30: 0 | N30: 1 | O30: 0 | P30: 0 | Q30: 0 | R30: 0 | S30: 0 | T30: 0 | U30: 0 | V30: 0 | W30: 0 | X30: 0 | Y30: 0 | Z30: 0 | AA30: 0 | AB30: 0 | AC30: 0 | AD30: 0 | AE30: 0 | AF30: 0 | AG30: 0 | AH30: 0 | AI30: 0 | AJ30: 0 | AK30: 0 | AL30: 0 | AM30: 0 | AN30: 0 | AO30: 0 | AP30: 0 | AQ30: 0 | AR30: 0 | AS30: 0 | AT30: 0 | AU30: 0 | AV30: 0 | AW30: 0 | AX30: 0 | AY30: 0 | AZ30: 0 | BA30: 0 | BB30: 0 | BC30: 0 | BD30: 0 | BE30: 0 | BF30: 0 | BG30: 0 | BH30: 0 | BI30: 0 | BJ30: 0 | BK30: 0 | BL30: 0 | BM30: 0 | BN30: 0 | BO30: 0 | BP30: 0 | BQ30: 0 | BR30: 0 | BS30: 0 | BT30: 0 | BU30: 0 | BV30: 0 | BW30: 0 | BX30: 0 | BY30: 0 | BZ30: 0 | CA30: 0 | CB30: 0 | CC30: 0 | CD30: 0 | CE30: 0 | CF30: 0 | CG30: 0 | CH30: 0 | CI30: 0 | CJ30: 0 | CK30: 0 | CL30: 0 | CM30: 0 | CN30: 0 | CO30: 0 | CP30: 0 | CQ30: 0 | CR30: 0 | CS30: 0 | CT30: 0 | CU30: 0 | CV30: 0 | CW30: 0 | CX30: 0 | CY30: 0 | CZ30: SCARPIN SOPHIA NAPA SONATA BEBECE 704156 | DA30: CALCADOS | DB30: SCARPIN | DC30: CALCADOS 33 - 40 | DD30: PAR | DE30: 0.40500000 | DF30: .T. | DG30: BISCUIT | DH30: .F. | DJ30: 7041569 | DK30: 0 | DL30: 0 | DM30: 0 | DN30: 0 | DO30: 0 | DP30: 0 | DQ30: 1 | DR30: 0 | DS30: 0 | DT30: 0 | DU30: 0 | DV30: 0 | DW30: 0 | DX30: 0 | DY30: 0 | DZ30: 0 | EA30: 0 | EB30: 0 | EC30: 0 | ED30: 0 | EE30: 0 | EF30: 0 | EG30: 0 | EH30: 0 | EI30: 0 | EJ30: 0 | EK30: 0 | EL30: 0 | EM30: 0 | EN30: 0 | EO30: 0 | EP30: 0 | EQ30: 0 | ER30: 0 | ES30: 0 | ET30: 0 | EU30: 0 | EV30: 0 | EW30: 0 | EX30: 0 | EY30: 0 | EZ30: 0 | FA30: 0 | FB30: 0 | FC30: 0 | FD30: 0 | FE30: 0 | FF30: 0 | FG30: 1.1111111e+47 | FH30: .F. | FI30: .F. | FJ30: 0 | FK30: 0 | FL30: 0 | FM30: 0 | FN30: 0 | FO30: 0 | FP30: 0 | FQ30: 0 | FR30: 0 | FS30: 0 | FT30: 0 | FU30: 0 | FV30: 0 | FW30: (nulo) | FX30: (nulo) | FY30: (nulo) | FZ30: (nulo) | GA30: (nulo) | GB30: (nulo) | GC30: (nulo) | GD30: (nulo) | GE30: (nulo) | GF30: (nulo) | GG30: (nulo) | GH30: (nulo) | GI30: (nulo) | GJ30: (nulo) | GK30: (nulo) | GL30: (nulo) | GM30: (nulo) | GN30: 0 | GO30: 0 | GP30: 0 | GQ30: 0 | GR30: 0 | GS30: 0 | GT30: 0 | GU30: 0 | GV30: 0 | GW30: 0 | GX30: 0 | GY30: 0 | GZ30: 0 | HA30: 0 | HB30: 0 | HC30: 0 | HD30: 0 | HE30: 0 | HF30: 0 | HG30: 0 | HH30: 0 | HI30: 0 | HJ30: 0 | HK30: 0 | HL30: 0 | HM30: 0 | HN30: 0 | HO30: 0 | HP30: 0 | HQ30: 0 | HR30: 0 | HS30: 0 | HT30: 0
A31: 39013 | B31: 254 | C31: AJUSTES INICIAIL 0103 | E31: 1 | F31: 1 | G31: =E31-F31 -> 0 | H31: 1 | I31: 0 | J31: 0 | K31: 0 | L31: 0 | M31: 0 | N31: 0 | O31: 0 | P31: 0 | Q31: 0 | R31: 0 | S31: 0 | T31: 0 | U31: 0 | V31: 0 | W31: 0 | X31: 0 | Y31: 0 | Z31: 0 | AA31: 0 | AB31: 0 | AC31: 0 | AD31: 0 | AE31: 0 | AF31: 0 | AG31: 0 | AH31: 0 | AI31: 0 | AJ31: 0 | AK31: 0 | AL31: 0 | AM31: 0 | AN31: 0 | AO31: 0 | AP31: 0 | AQ31: 0 | AR31: 0 | AS31: 0 | AT31: 0 | AU31: 0 | AV31: 0 | AW31: 0 | AX31: 0 | AY31: 0 | AZ31: 0 | BA31: 0 | BB31: 0 | BC31: 0 | BD31: 0 | BE31: 0 | BF31: 0 | BG31: 0 | BH31: 0 | BI31: 0 | BJ31: 0 | BK31: 0 | BL31: 0 | BM31: 0 | BN31: 0 | BO31: 0 | BP31: 0 | BQ31: 0 | BR31: 0 | BS31: 0 | BT31: 0 | BU31: 0 | BV31: 0 | BW31: 0 | BX31: 0 | BY31: 0 | BZ31: 0 | CA31: 0 | CB31: 0 | CC31: 0 | CD31: 0 | CE31: 0 | CF31: 0 | CG31: 0 | CH31: 0 | CI31: 0 | CJ31: 0 | CK31: 0 | CL31: 0 | CM31: 0 | CN31: 0 | CO31: 0 | CP31: 0 | CQ31: 0 | CR31: 0 | CS31: 0 | CT31: 0 | CU31: 0 | CV31: 0 | CW31: 0 | CX31: 0 | CY31: 0 | CZ31: BOLSA COURO M COURO 319 FEGALLY | DA31: BOLSAS | DB31: BOLSA COURO M | DC31: BOLSAS | DD31: UN | DE31: 0.40000000 | DF31: .T. | DG31: CORAL | DH31: .F. | DJ31: 319 | DK31: 1 | DL31: 0 | DM31: 0 | DN31: 0 | DO31: 0 | DP31: 0 | DQ31: 0 | DR31: 0 | DS31: 0 | DT31: 0 | DU31: 0 | DV31: 0 | DW31: 0 | DX31: 0 | DY31: 0 | DZ31: 0 | EA31: 0 | EB31: 0 | EC31: 0 | ED31: 0 | EE31: 0 | EF31: 0 | EG31: 0 | EH31: 0 | EI31: 0 | EJ31: 0 | EK31: 0 | EL31: 0 | EM31: 0 | EN31: 0 | EO31: 0 | EP31: 0 | EQ31: 0 | ER31: 0 | ES31: 0 | ET31: 0 | EU31: 0 | EV31: 0 | EW31: 0 | EX31: 0 | EY31: 0 | EZ31: 0 | FA31: 0 | FB31: 0 | FC31: 0 | FD31: 0 | FE31: 0 | FF31: 0 | FG31: 1.1111111e+47 | FH31: .F. | FI31: .F. | FJ31: 0 | FK31: 0 | FL31: 0 | FM31: 0 | FN31: 0 | FO31: 0 | FP31: 0 | FQ31: 0 | FR31: 0 | FS31: 0 | FT31: 0 | FU31: 0 | FV31: 0 | FW31: (nulo) | FX31: (nulo) | FY31: (nulo) | FZ31: (nulo) | GA31: (nulo) | GB31: (nulo) | GC31: (nulo) | GD31: (nulo) | GE31: (nulo) | GF31: (nulo) | GG31: (nulo) | GH31: (nulo) | GI31: (nulo) | GJ31: (nulo) | GK31: (nulo) | GL31: (nulo) | GM31: (nulo) | GN31: 0 | GO31: 0 | GP31: 0 | GQ31: 0 | GR31: 0 | GS31: 0 | GT31: 0 | GU31: 0 | GV31: 0 | GW31: 0 | GX31: 0 | GY31: 0 | GZ31: 0 | HA31: 0 | HB31: 0 | HC31: 0 | HD31: 0 | HE31: 0 | HF31: 0 | HG31: 0 | HH31: 0 | HI31: 0 | HJ31: 0 | HK31: 0 | HL31: 0 | HM31: 0 | HN31: 0 | HO31: 0 | HP31: 0 | HQ31: 0 | HR31: 0 | HS31: 0 | HT31: 0
A32: 39013 | B32: 2409 | C32: AJUSTES INICIAIL 0103 | E32: 1 | F32: 1 | G32: =E32-F32 -> 0 | H32: 1 | I32: 0 | J32: 0 | K32: 0 | L32: 0 | M32: 0 | N32: 0 | O32: 0 | P32: 0 | Q32: 0 | R32: 0 | S32: 0 | T32: 0 | U32: 0 | V32: 0 | W32: 0 | X32: 0 | Y32: 0 | Z32: 0 | AA32: 0 | AB32: 0 | AC32: 0 | AD32: 0 | AE32: 0 | AF32: 0 | AG32: 0 | AH32: 0 | AI32: 0 | AJ32: 0 | AK32: 0 | AL32: 0 | AM32: 0 | AN32: 0 | AO32: 0 | AP32: 0 | AQ32: 0 | AR32: 0 | AS32: 0 | AT32: 0 | AU32: 0 | AV32: 0 | AW32: 0 | AX32: 0 | AY32: 0 | AZ32: 0 | BA32: 0 | BB32: 0 | BC32: 0 | BD32: 0 | BE32: 0 | BF32: 0 | BG32: 0 | BH32: 0 | BI32: 0 | BJ32: 0 | BK32: 0 | BL32: 0 | BM32: 0 | BN32: 0 | BO32: 0 | BP32: 0 | BQ32: 0 | BR32: 0 | BS32: 0 | BT32: 0 | BU32: 0 | BV32: 0 | BW32: 0 | BX32: 0 | BY32: 0 | BZ32: 0 | CA32: 0 | CB32: 0 | CC32: 0 | CD32: 0 | CE32: 0 | CF32: 0 | CG32: 0 | CH32: 0 | CI32: 0 | CJ32: 0 | CK32: 0 | CL32: 0 | CM32: 0 | CN32: 0 | CO32: 0 | CP32: 0 | CQ32: 0 | CR32: 0 | CS32: 0 | CT32: 0 | CU32: 0 | CV32: 0 | CW32: 0 | CX32: 0 | CY32: 0 | CZ32: BOLSA COURO M COURO 319 FEGALLY | DA32: BOLSAS | DB32: BOLSA COURO M | DC32: BOLSAS | DD32: UN | DE32: 0.40000000 | DF32: .T. | DG32: FUCSIA | DH32: .F. | DJ32: 319 | DK32: 1 | DL32: 0 | DM32: 0 | DN32: 0 | DO32: 0 | DP32: 0 | DQ32: 0 | DR32: 0 | DS32: 0 | DT32: 0 | DU32: 0 | DV32: 0 | DW32: 0 | DX32: 0 | DY32: 0 | DZ32: 0 | EA32: 0 | EB32: 0 | EC32: 0 | ED32: 0 | EE32: 0 | EF32: 0 | EG32: 0 | EH32: 0 | EI32: 0 | EJ32: 0 | EK32: 0 | EL32: 0 | EM32: 0 | EN32: 0 | EO32: 0 | EP32: 0 | EQ32: 0 | ER32: 0 | ES32: 0 | ET32: 0 | EU32: 0 | EV32: 0 | EW32: 0 | EX32: 0 | EY32: 0 | EZ32: 0 | FA32: 0 | FB32: 0 | FC32: 0 | FD32: 0 | FE32: 0 | FF32: 0 | FG32: 1.1111111e+47 | FH32: .F. | FI32: .F. | FJ32: 0 | FK32: 0 | FL32: 0 | FM32: 0 | FN32: 0 | FO32: 0 | FP32: 0 | FQ32: 0 | FR32: 0 | FS32: 0 | FT32: 0 | FU32: 0 | FV32: 0 | FW32: (nulo) | FX32: (nulo) | FY32: (nulo) | FZ32: (nulo) | GA32: (nulo) | GB32: (nulo) | GC32: (nulo) | GD32: (nulo) | GE32: (nulo) | GF32: (nulo) | GG32: (nulo) | GH32: (nulo) | GI32: (nulo) | GJ32: (nulo) | GK32: (nulo) | GL32: (nulo) | GM32: (nulo) | GN32: 0 | GO32: 0 | GP32: 0 | GQ32: 0 | GR32: 0 | GS32: 0 | GT32: 0 | GU32: 0 | GV32: 0 | GW32: 0 | GX32: 0 | GY32: 0 | GZ32: 0 | HA32: 0 | HB32: 0 | HC32: 0 | HD32: 0 | HE32: 0 | HF32: 0 | HG32: 0 | HH32: 0 | HI32: 0 | HJ32: 0 | HK32: 0 | HL32: 0 | HM32: 0 | HN32: 0 | HO32: 0 | HP32: 0 | HQ32: 0 | HR32: 0 | HS32: 0 | HT32: 0
A33: 39065 | B33: 2 | C33: AJUSTES INICIAIL 0103 | E33: 8 | F33: 8 | G33: =E33-F33 -> 0 | H33: 0 | I33: 0 | J33: 0 | K33: 0 | L33: 1 | M33: 7 | N33: 0 | O33: 0 | P33: 0 | Q33: 0 | R33: 0 | S33: 0 | T33: 0 | U33: 0 | V33: 0 | W33: 0 | X33: 0 | Y33: 0 | Z33: 0 | AA33: 0 | AB33: 0 | AC33: 0 | AD33: 0 | AE33: 0 | AF33: 0 | AG33: 0 | AH33: 0 | AI33: 0 | AJ33: 0 | AK33: 0 | AL33: 0 | AM33: 0 | AN33: 0 | AO33: 0 | AP33: 0 | AQ33: 0 | AR33: 0 | AS33: 0 | AT33: 0 | AU33: 0 | AV33: 0 | AW33: 0 | AX33: 0 | AY33: 0 | AZ33: 0 | BA33: 0 | BB33: 0 | BC33: 0 | BD33: 0 | BE33: 0 | BF33: 0 | BG33: 0 | BH33: 0 | BI33: 0 | BJ33: 0 | BK33: 0 | BL33: 0 | BM33: 0 | BN33: 0 | BO33: 0 | BP33: 0 | BQ33: 0 | BR33: 0 | BS33: 0 | BT33: 0 | BU33: 0 | BV33: 0 | BW33: 0 | BX33: 0 | BY33: 0 | BZ33: 0 | CA33: 0 | CB33: 0 | CC33: 0 | CD33: 0 | CE33: 0 | CF33: 0 | CG33: 0 | CH33: 0 | CI33: 0 | CJ33: 0 | CK33: 0 | CL33: 0 | CM33: 0 | CN33: 0 | CO33: 0 | CP33: 0 | CQ33: 0 | CR33: 0 | CS33: 0 | CT33: 0 | CU33: 0 | CV33: 0 | CW33: 0 | CX33: 0 | CY33: 0 | CZ33: SANDALIA ALTA LIDI NAPA DAMMA 4912209 | DA33: CALCADOS | DB33: SANDALIA ALTA | DC33: CALCADOS 33 - 40 | DD33: PAR | DE33: 0.50000000 | DF33: .T. | DG33: PRETA | DH33: .F. | DJ33: 4912209 | DK33: 0 | DL33: 0 | DM33: 0 | DN33: 0 | DO33: 1 | DP33: 7 | DQ33: 0 | DR33: 0 | DS33: 0 | DT33: 0 | DU33: 0 | DV33: 0 | DW33: 0 | DX33: 0 | DY33: 0 | DZ33: 0 | EA33: 0 | EB33: 0 | EC33: 0 | ED33: 0 | EE33: 0 | EF33: 0 | EG33: 0 | EH33: 0 | EI33: 0 | EJ33: 0 | EK33: 0 | EL33: 0 | EM33: 0 | EN33: 0 | EO33: 0 | EP33: 0 | EQ33: 0 | ER33: 0 | ES33: 0 | ET33: 0 | EU33: 0 | EV33: 0 | EW33: 0 | EX33: 0 | EY33: 0 | EZ33: 0 | FA33: 0 | FB33: 0 | FC33: 0 | FD33: 0 | FE33: 0 | FF33: 0 | FG33: 1.1111111e+47 | FH33: .F. | FI33: .F. | FJ33: 0 | FK33: 0 | FL33: 0 | FM33: 0 | FN33: 0 | FO33: 0 | FP33: 0 | FQ33: 0 | FR33: 0 | FS33: 0 | FT33: 0 | FU33: 0 | FV33: 0 | FW33: (nulo) | FX33: (nulo) | FY33: (nulo) | FZ33: (nulo) | GA33: (nulo) | GB33: (nulo) | GC33: (nulo) | GD33: (nulo) | GE33: (nulo) | GF33: (nulo) | GG33: (nulo) | GH33: (nulo) | GI33: (nulo) | GJ33: (nulo) | GK33: (nulo) | GL33: (nulo) | GM33: (nulo) | GN33: 0 | GO33: 0 | GP33: 0 | GQ33: 0 | GR33: 0 | GS33: 0 | GT33: 0 | GU33: 0 | GV33: 0 | GW33: 0 | GX33: 0 | GY33: 0 | GZ33: 0 | HA33: 0 | HB33: 0 | HC33: 0 | HD33: 0 | HE33: 0 | HF33: 0 | HG33: 0 | HH33: 0 | HI33: 0 | HJ33: 0 | HK33: 0 | HL33: 0 | HM33: 0 | HN33: 0 | HO33: 0 | HP33: 0 | HQ33: 0 | HR33: 0 | HS33: 0 | HT33: 0
A34: 39065 | B34: 8064 | C34: AJUSTES INICIAIL 0103 | E34: 1 | F34: 1 | G34: =E34-F34 -> 0 | H34: 0 | I34: 0 | J34: 0 | K34: 0 | L34: 0 | M34: 1 | N34: 0 | O34: 0 | P34: 0 | Q34: 0 | R34: 0 | S34: 0 | T34: 0 | U34: 0 | V34: 0 | W34: 0 | X34: 0 | Y34: 0 | Z34: 0 | AA34: 0 | AB34: 0 | AC34: 0 | AD34: 0 | AE34: 0 | AF34: 0 | AG34: 0 | AH34: 0 | AI34: 0 | AJ34: 0 | AK34: 0 | AL34: 0 | AM34: 0 | AN34: 0 | AO34: 0 | AP34: 0 | AQ34: 0 | AR34: 0 | AS34: 0 | AT34: 0 | AU34: 0 | AV34: 0 | AW34: 0 | AX34: 0 | AY34: 0 | AZ34: 0 | BA34: 0 | BB34: 0 | BC34: 0 | BD34: 0 | BE34: 0 | BF34: 0 | BG34: 0 | BH34: 0 | BI34: 0 | BJ34: 0 | BK34: 0 | BL34: 0 | BM34: 0 | BN34: 0 | BO34: 0 | BP34: 0 | BQ34: 0 | BR34: 0 | BS34: 0 | BT34: 0 | BU34: 0 | BV34: 0 | BW34: 0 | BX34: 0 | BY34: 0 | BZ34: 0 | CA34: 0 | CB34: 0 | CC34: 0 | CD34: 0 | CE34: 0 | CF34: 0 | CG34: 0 | CH34: 0 | CI34: 0 | CJ34: 0 | CK34: 0 | CL34: 0 | CM34: 0 | CN34: 0 | CO34: 0 | CP34: 0 | CQ34: 0 | CR34: 0 | CS34: 0 | CT34: 0 | CU34: 0 | CV34: 0 | CW34: 0 | CX34: 0 | CY34: 0 | CZ34: SANDALIA ALTA LIDI NAPA DAMMA 4912209 | DA34: CALCADOS | DB34: SANDALIA ALTA | DC34: CALCADOS 33 - 40 | DD34: PAR | DE34: 0.50000000 | DF34: .T. | DG34: COTTON | DH34: .F. | DJ34: 4912209 | DK34: 0 | DL34: 0 | DM34: 0 | DN34: 0 | DO34: 0 | DP34: 1 | DQ34: 0 | DR34: 0 | DS34: 0 | DT34: 0 | DU34: 0 | DV34: 0 | DW34: 0 | DX34: 0 | DY34: 0 | DZ34: 0 | EA34: 0 | EB34: 0 | EC34: 0 | ED34: 0 | EE34: 0 | EF34: 0 | EG34: 0 | EH34: 0 | EI34: 0 | EJ34: 0 | EK34: 0 | EL34: 0 | EM34: 0 | EN34: 0 | EO34: 0 | EP34: 0 | EQ34: 0 | ER34: 0 | ES34: 0 | ET34: 0 | EU34: 0 | EV34: 0 | EW34: 0 | EX34: 0 | EY34: 0 | EZ34: 0 | FA34: 0 | FB34: 0 | FC34: 0 | FD34: 0 | FE34: 0 | FF34: 0 | FG34: 1.1111111e+47 | FH34: .F. | FI34: .F. | FJ34: 0 | FK34: 0 | FL34: 0 | FM34: 0 | FN34: 0 | FO34: 0 | FP34: 0 | FQ34: 0 | FR34: 0 | FS34: 0 | FT34: 0 | FU34: 0 | FV34: 0 | FW34: (nulo) | FX34: (nulo) | FY34: (nulo) | FZ34: (nulo) | GA34: (nulo) | GB34: (nulo) | GC34: (nulo) | GD34: (nulo) | GE34: (nulo) | GF34: (nulo) | GG34: (nulo) | GH34: (nulo) | GI34: (nulo) | GJ34: (nulo) | GK34: (nulo) | GL34: (nulo) | GM34: (nulo) | GN34: 0 | GO34: 0 | GP34: 0 | GQ34: 0 | GR34: 0 | GS34: 0 | GT34: 0 | GU34: 0 | GV34: 0 | GW34: 0 | GX34: 0 | GY34: 0 | GZ34: 0 | HA34: 0 | HB34: 0 | HC34: 0 | HD34: 0 | HE34: 0 | HF34: 0 | HG34: 0 | HH34: 0 | HI34: 0 | HJ34: 0 | HK34: 0 | HL34: 0 | HM34: 0 | HN34: 0 | HO34: 0 | HP34: 0 | HQ34: 0 | HR34: 0 | HS34: 0 | HT34: 0
A35: 39117 | B35: 8131 | C35: AJUSTES INICIAIL 0103 | E35: 5 | F35: 5 | G35: =E35-F35 -> 0 | H35: 0 | I35: 0 | J35: 1 | K35: 0 | L35: 3 | M35: 0 | N35: 1 | O35: 0 | P35: 0 | Q35: 0 | R35: 0 | S35: 0 | T35: 0 | U35: 0 | V35: 0 | W35: 0 | X35: 0 | Y35: 0 | Z35: 0 | AA35: 0 | AB35: 0 | AC35: 0 | AD35: 0 | AE35: 0 | AF35: 0 | AG35: 0 | AH35: 0 | AI35: 0 | AJ35: 0 | AK35: 0 | AL35: 0 | AM35: 0 | AN35: 0 | AO35: 0 | AP35: 0 | AQ35: 0 | AR35: 0 | AS35: 0 | AT35: 0 | AU35: 0 | AV35: 0 | AW35: 0 | AX35: 0 | AY35: 0 | AZ35: 0 | BA35: 0 | BB35: 0 | BC35: 0 | BD35: 0 | BE35: 0 | BF35: 0 | BG35: 0 | BH35: 0 | BI35: 0 | BJ35: 0 | BK35: 0 | BL35: 0 | BM35: 0 | BN35: 0 | BO35: 0 | BP35: 0 | BQ35: 0 | BR35: 0 | BS35: 0 | BT35: 0 | BU35: 0 | BV35: 0 | BW35: 0 | BX35: 0 | BY35: 0 | BZ35: 0 | CA35: 0 | CB35: 0 | CC35: 0 | CD35: 0 | CE35: 0 | CF35: 0 | CG35: 0 | CH35: 0 | CI35: 0 | CJ35: 0 | CK35: 0 | CL35: 0 | CM35: 0 | CN35: 0 | CO35: 0 | CP35: 0 | CQ35: 0 | CR35: 0 | CS35: 0 | CT35: 0 | CU35: 0 | CV35: 0 | CW35: 0 | CX35: 0 | CY35: 0 | CZ35: RASTEIRA TRASEIRO ISIS PVC MANTA NAPA RI | DA35: CALCADOS | DB35: RASTEIRA TRASEIRO | DC35: CALCADOS 34 - 40 | DD35: PAR | DE35: 0.34000000 | DF35: .T. | DG35: MARFIM LIGHT PEACH | DH35: .F. | DJ35: RI01 | DK35: 0 | DL35: 0 | DM35: 1 | DN35: 0 | DO35: 3 | DP35: 0 | DQ35: 1 | DR35: 0 | DS35: 0 | DT35: 0 | DU35: 0 | DV35: 0 | DW35: 0 | DX35: 0 | DY35: 0 | DZ35: 0 | EA35: 0 | EB35: 0 | EC35: 0 | ED35: 0 | EE35: 0 | EF35: 0 | EG35: 0 | EH35: 0 | EI35: 0 | EJ35: 0 | EK35: 0 | EL35: 0 | EM35: 0 | EN35: 0 | EO35: 0 | EP35: 0 | EQ35: 0 | ER35: 0 | ES35: 0 | ET35: 0 | EU35: 0 | EV35: 0 | EW35: 0 | EX35: 0 | EY35: 0 | EZ35: 0 | FA35: 0 | FB35: 0 | FC35: 0 | FD35: 0 | FE35: 0 | FF35: 0 | FG35: 1.1111111e+47 | FH35: .F. | FI35: .F. | FJ35: 0 | FK35: 0 | FL35: 0 | FM35: 0 | FN35: 0 | FO35: 0 | FP35: 0 | FQ35: 0 | FR35: 0 | FS35: 0 | FT35: 0 | FU35: 0 | FV35: 0 | FW35: (nulo) | FX35: (nulo) | FY35: (nulo) | FZ35: (nulo) | GA35: (nulo) | GB35: (nulo) | GC35: (nulo) | GD35: (nulo) | GE35: (nulo) | GF35: (nulo) | GG35: (nulo) | GH35: (nulo) | GI35: (nulo) | GJ35: (nulo) | GK35: (nulo) | GL35: (nulo) | GM35: (nulo) | GN35: 0 | GO35: 0 | GP35: 0 | GQ35: 0 | GR35: 0 | GS35: 0 | GT35: 0 | GU35: 0 | GV35: 0 | GW35: 0 | GX35: 0 | GY35: 0 | GZ35: 0 | HA35: 0 | HB35: 0 | HC35: 0 | HD35: 0 | HE35: 0 | HF35: 0 | HG35: 0 | HH35: 0 | HI35: 0 | HJ35: 0 | HK35: 0 | HL35: 0 | HM35: 0 | HN35: 0 | HO35: 0 | HP35: 0 | HQ35: 0 | HR35: 0 | HS35: 0 | HT35: 0
A36: 39117 | B36: 3071 | C36: AJUSTES INICIAIL 0103 | E36: 1 | F36: 1 | G36: =E36-F36 -> 0 | H36: 0 | I36: 0 | J36: 1 | K36: 0 | L36: 0 | M36: 0 | N36: 0 | O36: 0 | P36: 0 | Q36: 0 | R36: 0 | S36: 0 | T36: 0 | U36: 0 | V36: 0 | W36: 0 | X36: 0 | Y36: 0 | Z36: 0 | AA36: 0 | AB36: 0 | AC36: 0 | AD36: 0 | AE36: 0 | AF36: 0 | AG36: 0 | AH36: 0 | AI36: 0 | AJ36: 0 | AK36: 0 | AL36: 0 | AM36: 0 | AN36: 0 | AO36: 0 | AP36: 0 | AQ36: 0 | AR36: 0 | AS36: 0 | AT36: 0 | AU36: 0 | AV36: 0 | AW36: 0 | AX36: 0 | AY36: 0 | AZ36: 0 | BA36: 0 | BB36: 0 | BC36: 0 | BD36: 0 | BE36: 0 | BF36: 0 | BG36: 0 | BH36: 0 | BI36: 0 | BJ36: 0 | BK36: 0 | BL36: 0 | BM36: 0 | BN36: 0 | BO36: 0 | BP36: 0 | BQ36: 0 | BR36: 0 | BS36: 0 | BT36: 0 | BU36: 0 | BV36: 0 | BW36: 0 | BX36: 0 | BY36: 0 | BZ36: 0 | CA36: 0 | CB36: 0 | CC36: 0 | CD36: 0 | CE36: 0 | CF36: 0 | CG36: 0 | CH36: 0 | CI36: 0 | CJ36: 0 | CK36: 0 | CL36: 0 | CM36: 0 | CN36: 0 | CO36: 0 | CP36: 0 | CQ36: 0 | CR36: 0 | CS36: 0 | CT36: 0 | CU36: 0 | CV36: 0 | CW36: 0 | CX36: 0 | CY36: 0 | CZ36: RASTEIRA TRASEIRO ISIS PVC MANTA NAPA RI | DA36: CALCADOS | DB36: RASTEIRA TRASEIRO | DC36: CALCADOS 34 - 40 | DD36: PAR | DE36: 0.34000000 | DF36: .T. | DG36: CARAMELO OURO | DH36: .F. | DJ36: RI01 | DK36: 0 | DL36: 0 | DM36: 1 | DN36: 0 | DO36: 0 | DP36: 0 | DQ36: 0 | DR36: 0 | DS36: 0 | DT36: 0 | DU36: 0 | DV36: 0 | DW36: 0 | DX36: 0 | DY36: 0 | DZ36: 0 | EA36: 0 | EB36: 0 | EC36: 0 | ED36: 0 | EE36: 0 | EF36: 0 | EG36: 0 | EH36: 0 | EI36: 0 | EJ36: 0 | EK36: 0 | EL36: 0 | EM36: 0 | EN36: 0 | EO36: 0 | EP36: 0 | EQ36: 0 | ER36: 0 | ES36: 0 | ET36: 0 | EU36: 0 | EV36: 0 | EW36: 0 | EX36: 0 | EY36: 0 | EZ36: 0 | FA36: 0 | FB36: 0 | FC36: 0 | FD36: 0 | FE36: 0 | FF36: 0 | FG36: 1.1111111e+47 | FH36: .F. | FI36: .F. | FJ36: 0 | FK36: 0 | FL36: 0 | FM36: 0 | FN36: 0 | FO36: 0 | FP36: 0 | FQ36: 0 | FR36: 0 | FS36: 0 | FT36: 0 | FU36: 0 | FV36: 0 | FW36: (nulo) | FX36: (nulo) | FY36: (nulo) | FZ36: (nulo) | GA36: (nulo) | GB36: (nulo) | GC36: (nulo) | GD36: (nulo) | GE36: (nulo) | GF36: (nulo) | GG36: (nulo) | GH36: (nulo) | GI36: (nulo) | GJ36: (nulo) | GK36: (nulo) | GL36: (nulo) | GM36: (nulo) | GN36: 0 | GO36: 0 | GP36: 0 | GQ36: 0 | GR36: 0 | GS36: 0 | GT36: 0 | GU36: 0 | GV36: 0 | GW36: 0 | GX36: 0 | GY36: 0 | GZ36: 0 | HA36: 0 | HB36: 0 | HC36: 0 | HD36: 0 | HE36: 0 | HF36: 0 | HG36: 0 | HH36: 0 | HI36: 0 | HJ36: 0 | HK36: 0 | HL36: 0 | HM36: 0 | HN36: 0 | HO36: 0 | HP36: 0 | HQ36: 0 | HR36: 0 | HS36: 0 | HT36: 0
A37: 39117 | B37: 5929 | C37: AJUSTES INICIAIL 0103 | E37: 1 | F37: 1 | G37: =E37-F37 -> 0 | H37: 0 | I37: 0 | J37: 0 | K37: 0 | L37: 1 | M37: 0 | N37: 0 | O37: 0 | P37: 0 | Q37: 0 | R37: 0 | S37: 0 | T37: 0 | U37: 0 | V37: 0 | W37: 0 | X37: 0 | Y37: 0 | Z37: 0 | AA37: 0 | AB37: 0 | AC37: 0 | AD37: 0 | AE37: 0 | AF37: 0 | AG37: 0 | AH37: 0 | AI37: 0 | AJ37: 0 | AK37: 0 | AL37: 0 | AM37: 0 | AN37: 0 | AO37: 0 | AP37: 0 | AQ37: 0 | AR37: 0 | AS37: 0 | AT37: 0 | AU37: 0 | AV37: 0 | AW37: 0 | AX37: 0 | AY37: 0 | AZ37: 0 | BA37: 0 | BB37: 0 | BC37: 0 | BD37: 0 | BE37: 0 | BF37: 0 | BG37: 0 | BH37: 0 | BI37: 0 | BJ37: 0 | BK37: 0 | BL37: 0 | BM37: 0 | BN37: 0 | BO37: 0 | BP37: 0 | BQ37: 0 | BR37: 0 | BS37: 0 | BT37: 0 | BU37: 0 | BV37: 0 | BW37: 0 | BX37: 0 | BY37: 0 | BZ37: 0 | CA37: 0 | CB37: 0 | CC37: 0 | CD37: 0 | CE37: 0 | CF37: 0 | CG37: 0 | CH37: 0 | CI37: 0 | CJ37: 0 | CK37: 0 | CL37: 0 | CM37: 0 | CN37: 0 | CO37: 0 | CP37: 0 | CQ37: 0 | CR37: 0 | CS37: 0 | CT37: 0 | CU37: 0 | CV37: 0 | CW37: 0 | CX37: 0 | CY37: 0 | CZ37: RASTEIRA TRASEIRO ISIS PVC MANTA NAPA RI | DA37: CALCADOS | DB37: RASTEIRA TRASEIRO | DC37: CALCADOS 34 - 40 | DD37: PAR | DE37: 0.34000000 | DF37: .T. | DG37: MARFIM CRISTAL | DH37: .F. | DJ37: RI01 | DK37: 0 | DL37: 0 | DM37: 0 | DN37: 0 | DO37: 1 | DP37: 0 | DQ37: 0 | DR37: 0 | DS37: 0 | DT37: 0 | DU37: 0 | DV37: 0 | DW37: 0 | DX37: 0 | DY37: 0 | DZ37: 0 | EA37: 0 | EB37: 0 | EC37: 0 | ED37: 0 | EE37: 0 | EF37: 0 | EG37: 0 | EH37: 0 | EI37: 0 | EJ37: 0 | EK37: 0 | EL37: 0 | EM37: 0 | EN37: 0 | EO37: 0 | EP37: 0 | EQ37: 0 | ER37: 0 | ES37: 0 | ET37: 0 | EU37: 0 | EV37: 0 | EW37: 0 | EX37: 0 | EY37: 0 | EZ37: 0 | FA37: 0 | FB37: 0 | FC37: 0 | FD37: 0 | FE37: 0 | FF37: 0 | FG37: 1.1111111e+47 | FH37: .F. | FI37: .F. | FJ37: 0 | FK37: 0 | FL37: 0 | FM37: 0 | FN37: 0 | FO37: 0 | FP37: 0 | FQ37: 0 | FR37: 0 | FS37: 0 | FT37: 0 | FU37: 0 | FV37: 0 | FW37: (nulo) | FX37: (nulo) | FY37: (nulo) | FZ37: (nulo) | GA37: (nulo) | GB37: (nulo) | GC37: (nulo) | GD37: (nulo) | GE37: (nulo) | GF37: (nulo) | GG37: (nulo) | GH37: (nulo) | GI37: (nulo) | GJ37: (nulo) | GK37: (nulo) | GL37: (nulo) | GM37: (nulo) | GN37: 0 | GO37: 0 | GP37: 0 | GQ37: 0 | GR37: 0 | GS37: 0 | GT37: 0 | GU37: 0 | GV37: 0 | GW37: 0 | GX37: 0 | GY37: 0 | GZ37: 0 | HA37: 0 | HB37: 0 | HC37: 0 | HD37: 0 | HE37: 0 | HF37: 0 | HG37: 0 | HH37: 0 | HI37: 0 | HJ37: 0 | HK37: 0 | HL37: 0 | HM37: 0 | HN37: 0 | HO37: 0 | HP37: 0 | HQ37: 0 | HR37: 0 | HS37: 0 | HT37: 0
A38: 39202 | B38: 1317 | C38: AJUSTES INICIAIL 0103 | E38: 1 | F38: 1 | G38: =E38-F38 -> 0 | H38: 0 | I38: 0 | J38: 0 | K38: 1 | L38: 0 | M38: 0 | N38: 0 | O38: 0 | P38: 0 | Q38: 0 | R38: 0 | S38: 0 | T38: 0 | U38: 0 | V38: 0 | W38: 0 | X38: 0 | Y38: 0 | Z38: 0 | AA38: 0 | AB38: 0 | AC38: 0 | AD38: 0 | AE38: 0 | AF38: 0 | AG38: 0 | AH38: 0 | AI38: 0 | AJ38: 0 | AK38: 0 | AL38: 0 | AM38: 0 | AN38: 0 | AO38: 0 | AP38: 0 | AQ38: 0 | AR38: 0 | AS38: 0 | AT38: 0 | AU38: 0 | AV38: 0 | AW38: 0 | AX38: 0 | AY38: 0 | AZ38: 0 | BA38: 0 | BB38: 0 | BC38: 0 | BD38: 0 | BE38: 0 | BF38: 0 | BG38: 0 | BH38: 0 | BI38: 0 | BJ38: 0 | BK38: 0 | BL38: 0 | BM38: 0 | BN38: 0 | BO38: 0 | BP38: 0 | BQ38: 0 | BR38: 0 | BS38: 0 | BT38: 0 | BU38: 0 | BV38: 0 | BW38: 0 | BX38: 0 | BY38: 0 | BZ38: 0 | CA38: 0 | CB38: 0 | CC38: 0 | CD38: 0 | CE38: 0 | CF38: 0 | CG38: 0 | CH38: 0 | CI38: 0 | CJ38: 0 | CK38: 0 | CL38: 0 | CM38: 0 | CN38: 0 | CO38: 0 | CP38: 0 | CQ38: 0 | CR38: 0 | CS38: 0 | CT38: 0 | CU38: 0 | CV38: 0 | CW38: 0 | CX38: 0 | CY38: 0 | CZ38: BOTA CURTA KNIT 4424227 BEBECE | DA38: CALCADOS | DB38: BOTA CURTA | DC38: CALCADOS 33 - 40 | DD38: PAR | DE38: 0.50000000 | DF38: .T. | DG38: ROSE | DH38: .F. | DJ38: 4424227 | DK38: 0 | DL38: 0 | DM38: 0 | DN38: 1 | DO38: 0 | DP38: 0 | DQ38: 0 | DR38: 0 | DS38: 0 | DT38: 0 | DU38: 0 | DV38: 0 | DW38: 0 | DX38: 0 | DY38: 0 | DZ38: 0 | EA38: 0 | EB38: 0 | EC38: 0 | ED38: 0 | EE38: 0 | EF38: 0 | EG38: 0 | EH38: 0 | EI38: 0 | EJ38: 0 | EK38: 0 | EL38: 0 | EM38: 0 | EN38: 0 | EO38: 0 | EP38: 0 | EQ38: 0 | ER38: 0 | ES38: 0 | ET38: 0 | EU38: 0 | EV38: 0 | EW38: 0 | EX38: 0 | EY38: 0 | EZ38: 0 | FA38: 0 | FB38: 0 | FC38: 0 | FD38: 0 | FE38: 0 | FF38: 0 | FG38: 1.1111111e+47 | FH38: .F. | FI38: .F. | FJ38: 0 | FK38: 0 | FL38: 0 | FM38: 0 | FN38: 0 | FO38: 0 | FP38: 0 | FQ38: 0 | FR38: 0 | FS38: 0 | FT38: 0 | FU38: 0 | FV38: 0 | FW38: (nulo) | FX38: (nulo) | FY38: (nulo) | FZ38: (nulo) | GA38: (nulo) | GB38: (nulo) | GC38: (nulo) | GD38: (nulo) | GE38: (nulo) | GF38: (nulo) | GG38: (nulo) | GH38: (nulo) | GI38: (nulo) | GJ38: (nulo) | GK38: (nulo) | GL38: (nulo) | GM38: (nulo) | GN38: 0 | GO38: 0 | GP38: 0 | GQ38: 0 | GR38: 0 | GS38: 0 | GT38: 0 | GU38: 0 | GV38: 0 | GW38: 0 | GX38: 0 | GY38: 0 | GZ38: 0 | HA38: 0 | HB38: 0 | HC38: 0 | HD38: 0 | HE38: 0 | HF38: 0 | HG38: 0 | HH38: 0 | HI38: 0 | HJ38: 0 | HK38: 0 | HL38: 0 | HM38: 0 | HN38: 0 | HO38: 0 | HP38: 0 | HQ38: 0 | HR38: 0 | HS38: 0 | HT38: 0
A39: 39243 | B39: 4539 | C39: AJUSTES INICIAIL 0103 | E39: 1 | F39: 1 | G39: =E39-F39 -> 0 | H39: 0 | I39: 0 | J39: 1 | K39: 0 | L39: 0 | M39: 0 | N39: 0 | O39: 0 | P39: 0 | Q39: 0 | R39: 0 | S39: 0 | T39: 0 | U39: 0 | V39: 0 | W39: 0 | X39: 0 | Y39: 0 | Z39: 0 | AA39: 0 | AB39: 0 | AC39: 0 | AD39: 0 | AE39: 0 | AF39: 0 | AG39: 0 | AH39: 0 | AI39: 0 | AJ39: 0 | AK39: 0 | AL39: 0 | AM39: 0 | AN39: 0 | AO39: 0 | AP39: 0 | AQ39: 0 | AR39: 0 | AS39: 0 | AT39: 0 | AU39: 0 | AV39: 0 | AW39: 0 | AX39: 0 | AY39: 0 | AZ39: 0 | BA39: 0 | BB39: 0 | BC39: 0 | BD39: 0 | BE39: 0 | BF39: 0 | BG39: 0 | BH39: 0 | BI39: 0 | BJ39: 0 | BK39: 0 | BL39: 0 | BM39: 0 | BN39: 0 | BO39: 0 | BP39: 0 | BQ39: 0 | BR39: 0 | BS39: 0 | BT39: 0 | BU39: 0 | BV39: 0 | BW39: 0 | BX39: 0 | BY39: 0 | BZ39: 0 | CA39: 0 | CB39: 0 | CC39: 0 | CD39: 0 | CE39: 0 | CF39: 0 | CG39: 0 | CH39: 0 | CI39: 0 | CJ39: 0 | CK39: 0 | CL39: 0 | CM39: 0 | CN39: 0 | CO39: 0 | CP39: 0 | CQ39: 0 | CR39: 0 | CS39: 0 | CT39: 0 | CU39: 0 | CV39: 0 | CW39: 0 | CX39: 0 | CY39: 0 | CZ39: SANDALIA ALTA LIDI METALIZADO 4912209 DA | DA39: CALCADOS | DB39: SANDALIA ALTA | DC39: CALCADOS 33 - 40 | DD39: PAR | DE39: 0.50000000 | DF39: .T. | DG39: CHAMPAGNE | DH39: .F. | DJ39: 4912209 | DK39: 0 | DL39: 0 | DM39: 1 | DN39: 0 | DO39: 0 | DP39: 0 | DQ39: 0 | DR39: 0 | DS39: 0 | DT39: 0 | DU39: 0 | DV39: 0 | DW39: 0 | DX39: 0 | DY39: 0 | DZ39: 0 | EA39: 0 | EB39: 0 | EC39: 0 | ED39: 0 | EE39: 0 | EF39: 0 | EG39: 0 | EH39: 0 | EI39: 0 | EJ39: 0 | EK39: 0 | EL39: 0 | EM39: 0 | EN39: 0 | EO39: 0 | EP39: 0 | EQ39: 0 | ER39: 0 | ES39: 0 | ET39: 0 | EU39: 0 | EV39: 0 | EW39: 0 | EX39: 0 | EY39: 0 | EZ39: 0 | FA39: 0 | FB39: 0 | FC39: 0 | FD39: 0 | FE39: 0 | FF39: 0 | FG39: 1.1111111e+47 | FH39: .F. | FI39: .F. | FJ39: 0 | FK39: 0 | FL39: 0 | FM39: 0 | FN39: 0 | FO39: 0 | FP39: 0 | FQ39: 0 | FR39: 0 | FS39: 0 | FT39: 0 | FU39: 0 | FV39: 0 | FW39: (nulo) | FX39: (nulo) | FY39: (nulo) | FZ39: (nulo) | GA39: (nulo) | GB39: (nulo) | GC39: (nulo) | GD39: (nulo) | GE39: (nulo) | GF39: (nulo) | GG39: (nulo) | GH39: (nulo) | GI39: (nulo) | GJ39: (nulo) | GK39: (nulo) | GL39: (nulo) | GM39: (nulo) | GN39: 0 | GO39: 0 | GP39: 0 | GQ39: 0 | GR39: 0 | GS39: 0 | GT39: 0 | GU39: 0 | GV39: 0 | GW39: 0 | GX39: 0 | GY39: 0 | GZ39: 0 | HA39: 0 | HB39: 0 | HC39: 0 | HD39: 0 | HE39: 0 | HF39: 0 | HG39: 0 | HH39: 0 | HI39: 0 | HJ39: 0 | HK39: 0 | HL39: 0 | HM39: 0 | HN39: 0 | HO39: 0 | HP39: 0 | HQ39: 0 | HR39: 0 | HS39: 0 | HT39: 0
A40: 39284 | B40: 2152 | C40: AJUSTES INICIAIL 0103 | E40: 7 | F40: 7 | G40: =E40-F40 -> 0 | H40: 7 | I40: 0 | J40: 0 | K40: 0 | L40: 0 | M40: 0 | N40: 0 | O40: 0 | P40: 0 | Q40: 0 | R40: 0 | S40: 0 | T40: 0 | U40: 0 | V40: 0 | W40: 0 | X40: 0 | Y40: 0 | Z40: 0 | AA40: 0 | AB40: 0 | AC40: 0 | AD40: 0 | AE40: 0 | AF40: 0 | AG40: 0 | AH40: 0 | AI40: 0 | AJ40: 0 | AK40: 0 | AL40: 0 | AM40: 0 | AN40: 0 | AO40: 0 | AP40: 0 | AQ40: 0 | AR40: 0 | AS40: 0 | AT40: 0 | AU40: 0 | AV40: 0 | AW40: 0 | AX40: 0 | AY40: 0 | AZ40: 0 | BA40: 0 | BB40: 0 | BC40: 0 | BD40: 0 | BE40: 0 | BF40: 0 | BG40: 0 | BH40: 0 | BI40: 0 | BJ40: 0 | BK40: 0 | BL40: 0 | BM40: 0 | BN40: 0 | BO40: 0 | BP40: 0 | BQ40: 0 | BR40: 0 | BS40: 0 | BT40: 0 | BU40: 0 | BV40: 0 | BW40: 0 | BX40: 0 | BY40: 0 | BZ40: 0 | CA40: 0 | CB40: 0 | CC40: 0 | CD40: 0 | CE40: 0 | CF40: 0 | CG40: 0 | CH40: 0 | CI40: 0 | CJ40: 0 | CK40: 0 | CL40: 0 | CM40: 0 | CN40: 0 | CO40: 0 | CP40: 0 | CQ40: 0 | CR40: 0 | CS40: 0 | CT40: 0 | CU40: 0 | CV40: 0 | CW40: 0 | CX40: 0 | CY40: 0 | CZ40: CARTEIRA METALIZADO CA2480 YEGGUS | DA40: ACESSORIOS | DB40: CARTEIRA | DC40: ACESSORIOS | DD40: UN | DE40: 0.10000000 | DF40: .T. | DG40: PEWTER | DH40: .F. | DJ40: CA2480 | DK40: 7 | DL40: 0 | DM40: 0 | DN40: 0 | DO40: 0 | DP40: 0 | DQ40: 0 | DR40: 0 | DS40: 0 | DT40: 0 | DU40: 0 | DV40: 0 | DW40: 0 | DX40: 0 | DY40: 0 | DZ40: 0 | EA40: 0 | EB40: 0 | EC40: 0 | ED40: 0 | EE40: 0 | EF40: 0 | EG40: 0 | EH40: 0 | EI40: 0 | EJ40: 0 | EK40: 0 | EL40: 0 | EM40: 0 | EN40: 0 | EO40: 0 | EP40: 0 | EQ40: 0 | ER40: 0 | ES40: 0 | ET40: 0 | EU40: 0 | EV40: 0 | EW40: 0 | EX40: 0 | EY40: 0 | EZ40: 0 | FA40: 0 | FB40: 0 | FC40: 0 | FD40: 0 | FE40: 0 | FF40: 0 | FG40: 1.1111111e+47 | FH40: .F. | FI40: .F. | FJ40: 0 | FK40: 0 | FL40: 0 | FM40: 0 | FN40: 0 | FO40: 0 | FP40: 0 | FQ40: 0 | FR40: 0 | FS40: 0 | FT40: 0 | FU40: 0 | FV40: 0 | FW40: (nulo) | FX40: (nulo) | FY40: (nulo) | FZ40: (nulo) | GA40: (nulo) | GB40: (nulo) | GC40: (nulo) | GD40: (nulo) | GE40: (nulo) | GF40: (nulo) | GG40: (nulo) | GH40: (nulo) | GI40: (nulo) | GJ40: (nulo) | GK40: (nulo) | GL40: (nulo) | GM40: (nulo) | GN40: 0 | GO40: 0 | GP40: 0 | GQ40: 0 | GR40: 0 | GS40: 0 | GT40: 0 | GU40: 0 | GV40: 0 | GW40: 0 | GX40: 0 | GY40: 0 | GZ40: 0 | HA40: 0 | HB40: 0 | HC40: 0 | HD40: 0 | HE40: 0 | HF40: 0 | HG40: 0 | HH40: 0 | HI40: 0 | HJ40: 0 | HK40: 0 | HL40: 0 | HM40: 0 | HN40: 0 | HO40: 0 | HP40: 0 | HQ40: 0 | HR40: 0 | HS40: 0 | HT40: 0
A41: 39427 | B41: 8105 | C41: AJUSTES INICIAIL 0103 | E41: 17 | F41: 17 | G41: =E41-F41 -> 0 | H41: 2 | I41: 4 | J41: 7 | K41: 2 | L41: 1 | M41: 1 | N41: 0 | O41: 0 | P41: 0 | Q41: 0 | R41: 0 | S41: 0 | T41: 0 | U41: 0 | V41: 0 | W41: 0 | X41: 0 | Y41: 0 | Z41: 0 | AA41: 0 | AB41: 0 | AC41: 0 | AD41: 0 | AE41: 0 | AF41: 0 | AG41: 0 | AH41: 0 | AI41: 0 | AJ41: 0 | AK41: 0 | AL41: 0 | AM41: 0 | AN41: 0 | AO41: 0 | AP41: 0 | AQ41: 0 | AR41: 0 | AS41: 0 | AT41: 0 | AU41: 0 | AV41: 0 | AW41: 0 | AX41: 0 | AY41: 0 | AZ41: 0 | BA41: 0 | BB41: 0 | BC41: 0 | BD41: 0 | BE41: 0 | BF41: 0 | BG41: 0 | BH41: 0 | BI41: 0 | BJ41: 0 | BK41: 0 | BL41: 0 | BM41: 0 | BN41: 0 | BO41: 0 | BP41: 0 | BQ41: 0 | BR41: 0 | BS41: 0 | BT41: 0 | BU41: 0 | BV41: 0 | BW41: 0 | BX41: 0 | BY41: 0 | BZ41: 0 | CA41: 0 | CB41: 0 | CC41: 0 | CD41: 0 | CE41: 0 | CF41: 0 | CG41: 0 | CH41: 0 | CI41: 0 | CJ41: 0 | CK41: 0 | CL41: 0 | CM41: 0 | CN41: 0 | CO41: 0 | CP41: 0 | CQ41: 0 | CR41: 0 | CS41: 0 | CT41: 0 | CU41: 0 | CV41: 0 | CW41: 0 | CX41: 0 | CY41: 0 | CZ41: RASTEIRA CHINELO NAPA 6841054 PARABELLA | DA41: CALCADOS | DB41: RASTEIRA CHINELO | DC41: CALCADOS 34 - 40 | DD41: PAR | DE41: 0.42000000 | DF41: .T. | DG41: CAMEL CRISTAL | DH41: .F. | DJ41: 6841054 | DK41: 2 | DL41: 4 | DM41: 7 | DN41: 2 | DO41: 1 | DP41: 1 | DQ41: 0 | DR41: 0 | DS41: 0 | DT41: 0 | DU41: 0 | DV41: 0 | DW41: 0 | DX41: 0 | DY41: 0 | DZ41: 0 | EA41: 0 | EB41: 0 | EC41: 0 | ED41: 0 | EE41: 0 | EF41: 0 | EG41: 0 | EH41: 0 | EI41: 0 | EJ41: 0 | EK41: 0 | EL41: 0 | EM41: 0 | EN41: 0 | EO41: 0 | EP41: 0 | EQ41: 0 | ER41: 0 | ES41: 0 | ET41: 0 | EU41: 0 | EV41: 0 | EW41: 0 | EX41: 0 | EY41: 0 | EZ41: 0 | FA41: 0 | FB41: 0 | FC41: 0 | FD41: 0 | FE41: 0 | FF41: 0 | FG41: 1.1111111e+47 | FH41: .F. | FI41: .F. | FJ41: 0 | FK41: 0 | FL41: 0 | FM41: 0 | FN41: 0 | FO41: 0 | FP41: 0 | FQ41: 0 | FR41: 0 | FS41: 0 | FT41: 0 | FU41: 0 | FV41: 0 | FW41: (nulo) | FX41: (nulo) | FY41: (nulo) | FZ41: (nulo) | GA41: (nulo) | GB41: (nulo) | GC41: (nulo) | GD41: (nulo) | GE41: (nulo) | GF41: (nulo) | GG41: (nulo) | GH41: (nulo) | GI41: (nulo) | GJ41: (nulo) | GK41: (nulo) | GL41: (nulo) | GM41: (nulo) | GN41: 0 | GO41: 0 | GP41: 0 | GQ41: 0 | GR41: 0 | GS41: 0 | GT41: 0 | GU41: 0 | GV41: 0 | GW41: 0 | GX41: 0 | GY41: 0 | GZ41: 0 | HA41: 0 | HB41: 0 | HC41: 0 | HD41: 0 | HE41: 0 | HF41: 0 | HG41: 0 | HH41: 0 | HI41: 0 | HJ41: 0 | HK41: 0 | HL41: 0 | HM41: 0 | HN41: 0 | HO41: 0 | HP41: 0 | HQ41: 0 | HR41: 0 | HS41: 0 | HT41: 0
A42: 39427 | B42: 1934 | C42: AJUSTES INICIAIL 0103 | E42: 9 | F42: 9 | G42: =E42-F42 -> 0 | H42: 1 | I42: 1 | J42: 6 | K42: 1 | L42: 0 | M42: 0 | N42: 0 | O42: 0 | P42: 0 | Q42: 0 | R42: 0 | S42: 0 | T42: 0 | U42: 0 | V42: 0 | W42: 0 | X42: 0 | Y42: 0 | Z42: 0 | AA42: 0 | AB42: 0 | AC42: 0 | AD42: 0 | AE42: 0 | AF42: 0 | AG42: 0 | AH42: 0 | AI42: 0 | AJ42: 0 | AK42: 0 | AL42: 0 | AM42: 0 | AN42: 0 | AO42: 0 | AP42: 0 | AQ42: 0 | AR42: 0 | AS42: 0 | AT42: 0 | AU42: 0 | AV42: 0 | AW42: 0 | AX42: 0 | AY42: 0 | AZ42: 0 | BA42: 0 | BB42: 0 | BC42: 0 | BD42: 0 | BE42: 0 | BF42: 0 | BG42: 0 | BH42: 0 | BI42: 0 | BJ42: 0 | BK42: 0 | BL42: 0 | BM42: 0 | BN42: 0 | BO42: 0 | BP42: 0 | BQ42: 0 | BR42: 0 | BS42: 0 | BT42: 0 | BU42: 0 | BV42: 0 | BW42: 0 | BX42: 0 | BY42: 0 | BZ42: 0 | CA42: 0 | CB42: 0 | CC42: 0 | CD42: 0 | CE42: 0 | CF42: 0 | CG42: 0 | CH42: 0 | CI42: 0 | CJ42: 0 | CK42: 0 | CL42: 0 | CM42: 0 | CN42: 0 | CO42: 0 | CP42: 0 | CQ42: 0 | CR42: 0 | CS42: 0 | CT42: 0 | CU42: 0 | CV42: 0 | CW42: 0 | CX42: 0 | CY42: 0 | CZ42: RASTEIRA CHINELO NAPA 6841054 PARABELLA | DA42: CALCADOS | DB42: RASTEIRA CHINELO | DC42: CALCADOS 34 - 40 | DD42: PAR | DE42: 0.42000000 | DF42: .T. | DG42: CAMEL OURO | DH42: .F. | DJ42: 6841054 | DK42: 1 | DL42: 1 | DM42: 6 | DN42: 1 | DO42: 0 | DP42: 0 | DQ42: 0 | DR42: 0 | DS42: 0 | DT42: 0 | DU42: 0 | DV42: 0 | DW42: 0 | DX42: 0 | DY42: 0 | DZ42: 0 | EA42: 0 | EB42: 0 | EC42: 0 | ED42: 0 | EE42: 0 | EF42: 0 | EG42: 0 | EH42: 0 | EI42: 0 | EJ42: 0 | EK42: 0 | EL42: 0 | EM42: 0 | EN42: 0 | EO42: 0 | EP42: 0 | EQ42: 0 | ER42: 0 | ES42: 0 | ET42: 0 | EU42: 0 | EV42: 0 | EW42: 0 | EX42: 0 | EY42: 0 | EZ42: 0 | FA42: 0 | FB42: 0 | FC42: 0 | FD42: 0 | FE42: 0 | FF42: 0 | FG42: 1.1111111e+47 | FH42: .F. | FI42: .F. | FJ42: 0 | FK42: 0 | FL42: 0 | FM42: 0 | FN42: 0 | FO42: 0 | FP42: 0 | FQ42: 0 | FR42: 0 | FS42: 0 | FT42: 0 | FU42: 0 | FV42: 0 | FW42: (nulo) | FX42: (nulo) | FY42: (nulo) | FZ42: (nulo) | GA42: (nulo) | GB42: (nulo) | GC42: (nulo) | GD42: (nulo) | GE42: (nulo) | GF42: (nulo) | GG42: (nulo) | GH42: (nulo) | GI42: (nulo) | GJ42: (nulo) | GK42: (nulo) | GL42: (nulo) | GM42: (nulo) | GN42: 0 | GO42: 0 | GP42: 0 | GQ42: 0 | GR42: 0 | GS42: 0 | GT42: 0 | GU42: 0 | GV42: 0 | GW42: 0 | GX42: 0 | GY42: 0 | GZ42: 0 | HA42: 0 | HB42: 0 | HC42: 0 | HD42: 0 | HE42: 0 | HF42: 0 | HG42: 0 | HH42: 0 | HI42: 0 | HJ42: 0 | HK42: 0 | HL42: 0 | HM42: 0 | HN42: 0 | HO42: 0 | HP42: 0 | HQ42: 0 | HR42: 0 | HS42: 0 | HT42: 0
A43: 39427 | B43: 2 | C43: AJUSTES INICIAIL 0103 | E43: 1 | F43: 1 | G43: =E43-F43 -> 0 | H43: 1 | I43: 0 | J43: 0 | K43: 0 | L43: 0 | M43: 0 | N43: 0 | O43: 0 | P43: 0 | Q43: 0 | R43: 0 | S43: 0 | T43: 0 | U43: 0 | V43: 0 | W43: 0 | X43: 0 | Y43: 0 | Z43: 0 | AA43: 0 | AB43: 0 | AC43: 0 | AD43: 0 | AE43: 0 | AF43: 0 | AG43: 0 | AH43: 0 | AI43: 0 | AJ43: 0 | AK43: 0 | AL43: 0 | AM43: 0 | AN43: 0 | AO43: 0 | AP43: 0 | AQ43: 0 | AR43: 0 | AS43: 0 | AT43: 0 | AU43: 0 | AV43: 0 | AW43: 0 | AX43: 0 | AY43: 0 | AZ43: 0 | BA43: 0 | BB43: 0 | BC43: 0 | BD43: 0 | BE43: 0 | BF43: 0 | BG43: 0 | BH43: 0 | BI43: 0 | BJ43: 0 | BK43: 0 | BL43: 0 | BM43: 0 | BN43: 0 | BO43: 0 | BP43: 0 | BQ43: 0 | BR43: 0 | BS43: 0 | BT43: 0 | BU43: 0 | BV43: 0 | BW43: 0 | BX43: 0 | BY43: 0 | BZ43: 0 | CA43: 0 | CB43: 0 | CC43: 0 | CD43: 0 | CE43: 0 | CF43: 0 | CG43: 0 | CH43: 0 | CI43: 0 | CJ43: 0 | CK43: 0 | CL43: 0 | CM43: 0 | CN43: 0 | CO43: 0 | CP43: 0 | CQ43: 0 | CR43: 0 | CS43: 0 | CT43: 0 | CU43: 0 | CV43: 0 | CW43: 0 | CX43: 0 | CY43: 0 | CZ43: RASTEIRA CHINELO NAPA 6841054 PARABELLA | DA43: CALCADOS | DB43: RASTEIRA CHINELO | DC43: CALCADOS 34 - 40 | DD43: PAR | DE43: 0.42000000 | DF43: .T. | DG43: PRETA | DH43: .F. | DJ43: 6841054 | DK43: 1 | DL43: 0 | DM43: 0 | DN43: 0 | DO43: 0 | DP43: 0 | DQ43: 0 | DR43: 0 | DS43: 0 | DT43: 0 | DU43: 0 | DV43: 0 | DW43: 0 | DX43: 0 | DY43: 0 | DZ43: 0 | EA43: 0 | EB43: 0 | EC43: 0 | ED43: 0 | EE43: 0 | EF43: 0 | EG43: 0 | EH43: 0 | EI43: 0 | EJ43: 0 | EK43: 0 | EL43: 0 | EM43: 0 | EN43: 0 | EO43: 0 | EP43: 0 | EQ43: 0 | ER43: 0 | ES43: 0 | ET43: 0 | EU43: 0 | EV43: 0 | EW43: 0 | EX43: 0 | EY43: 0 | EZ43: 0 | FA43: 0 | FB43: 0 | FC43: 0 | FD43: 0 | FE43: 0 | FF43: 0 | FG43: 1.1111111e+47 | FH43: .F. | FI43: .F. | FJ43: 0 | FK43: 0 | FL43: 0 | FM43: 0 | FN43: 0 | FO43: 0 | FP43: 0 | FQ43: 0 | FR43: 0 | FS43: 0 | FT43: 0 | FU43: 0 | FV43: 0 | FW43: (nulo) | FX43: (nulo) | FY43: (nulo) | FZ43: (nulo) | GA43: (nulo) | GB43: (nulo) | GC43: (nulo) | GD43: (nulo) | GE43: (nulo) | GF43: (nulo) | GG43: (nulo) | GH43: (nulo) | GI43: (nulo) | GJ43: (nulo) | GK43: (nulo) | GL43: (nulo) | GM43: (nulo) | GN43: 0 | GO43: 0 | GP43: 0 | GQ43: 0 | GR43: 0 | GS43: 0 | GT43: 0 | GU43: 0 | GV43: 0 | GW43: 0 | GX43: 0 | GY43: 0 | GZ43: 0 | HA43: 0 | HB43: 0 | HC43: 0 | HD43: 0 | HE43: 0 | HF43: 0 | HG43: 0 | HH43: 0 | HI43: 0 | HJ43: 0 | HK43: 0 | HL43: 0 | HM43: 0 | HN43: 0 | HO43: 0 | HP43: 0 | HQ43: 0 | HR43: 0 | HS43: 0 | HT43: 0
A44: 42602 | B44: 8316 | C44: AJUSTES INICIAIL 0103 | E44: 13 | F44: 12 | G44: =E44-F44 -> 1 | H44: 1 | I44: 3 | J44: 4 | K44: 3 | L44: 1 | M44: 0 | N44: 1 | O44: 0 | P44: 0 | Q44: 0 | R44: 0 | S44: 0 | T44: 0 | U44: 0 | V44: 0 | W44: 0 | X44: 0 | Y44: 0 | Z44: 0 | AA44: 0 | AB44: 0 | AC44: 0 | AD44: 0 | AE44: 0 | AF44: 0 | AG44: 0 | AH44: 0 | AI44: 0 | AJ44: 0 | AK44: 0 | AL44: 0 | AM44: 0 | AN44: 0 | AO44: 0 | AP44: 0 | AQ44: 0 | AR44: 0 | AS44: 0 | AT44: 0 | AU44: 0 | AV44: 0 | AW44: 0 | AX44: 0 | AY44: 0 | AZ44: 0 | BA44: 0 | BB44: 0 | BC44: 0 | BD44: 0 | BE44: 0 | BF44: 0 | BG44: 0 | BH44: 0 | BI44: 0 | BJ44: 0 | BK44: 0 | BL44: 0 | BM44: 0 | BN44: 0 | BO44: 0 | BP44: 0 | BQ44: 0 | BR44: 0 | BS44: 0 | BT44: 0 | BU44: 0 | BV44: 0 | BW44: 0 | BX44: 0 | BY44: 0 | BZ44: 0 | CA44: 0 | CB44: 0 | CC44: 0 | CD44: 0 | CE44: 0 | CF44: 0 | CG44: 0 | CH44: 0 | CI44: 0 | CJ44: 0 | CK44: 0 | CL44: 0 | CM44: 0 | CN44: 0 | CO44: 0 | CP44: 0 | CQ44: 0 | CR44: 0 | CS44: 0 | CT44: 0 | CU44: 0 | CV44: 0 | CW44: 0 | CX44: 0 | CY44: 0 | CZ44: RASTEIRA TRASEIRO METALIZADO MK7117 D MA | DA44: CALCADOS | DB44: RASTEIRA TRASEIRO | DC44: CALCADOS 34 - 40 | DD44: PAR | DE44: 0.10900000 | DF44: .T. | DG44: PRATEADO | DH44: .F. | DJ44: MK7117 | DK44: 1 | DL44: 3 | DM44: 4 | DN44: 3 | DO44: 1 | DP44: 0 | DQ44: 1 | DR44: 0 | DS44: 0 | DT44: 0 | DU44: 0 | DV44: 0 | DW44: 0 | DX44: 0 | DY44: 0 | DZ44: 0 | EA44: 0 | EB44: 0 | EC44: 0 | ED44: 0 | EE44: 0 | EF44: 0 | EG44: 0 | EH44: 0 | EI44: 0 | EJ44: 0 | EK44: 0 | EL44: 0 | EM44: 0 | EN44: 0 | EO44: 0 | EP44: 0 | EQ44: 0 | ER44: 0 | ES44: 0 | ET44: 0 | EU44: 0 | EV44: 0 | EW44: 0 | EX44: 0 | EY44: 0 | EZ44: 0 | FA44: 0 | FB44: 0 | FC44: 0 | FD44: 0 | FE44: 0 | FF44: 0 | FG44: 1.1111111e+47 | FH44: .F. | FI44: .F. | FJ44: 0 | FK44: 0 | FL44: 0 | FM44: 0 | FN44: 0 | FO44: 0 | FP44: 0 | FQ44: 0 | FR44: 0 | FS44: 0 | FT44: 0 | FU44: 0 | FV44: 0 | FW44: (nulo) | FX44: (nulo) | FY44: (nulo) | FZ44: (nulo) | GA44: (nulo) | GB44: (nulo) | GC44: (nulo) | GD44: (nulo) | GE44: (nulo) | GF44: (nulo) | GG44: (nulo) | GH44: (nulo) | GI44: (nulo) | GJ44: (nulo) | GK44: (nulo) | GL44: (nulo) | GM44: (nulo) | GN44: 0 | GO44: 0 | GP44: 0 | GQ44: 0 | GR44: 0 | GS44: 0 | GT44: 0 | GU44: 0 | GV44: 0 | GW44: 0 | GX44: 0 | GY44: 0 | GZ44: 0 | HA44: 0 | HB44: 0 | HC44: 0 | HD44: 0 | HE44: 0 | HF44: 0 | HG44: 0 | HH44: 0 | HI44: 0 | HJ44: 0 | HK44: 0 | HL44: 0 | HM44: 0 | HN44: 0 | HO44: 0 | HP44: 0 | HQ44: 0 | HR44: 0 | HS44: 0 | HT44: 0
A45: 39469 | B45: 3341 | C45: AJUSTES INICIAIL 0103 | E45: 10 | F45: 10 | G45: =E45-F45 -> 0 | H45: 0 | I45: 0 | J45: 2 | K45: 4 | L45: 3 | M45: 1 | N45: 0 | O45: 0 | P45: 0 | Q45: 0 | R45: 0 | S45: 0 | T45: 0 | U45: 0 | V45: 0 | W45: 0 | X45: 0 | Y45: 0 | Z45: 0 | AA45: 0 | AB45: 0 | AC45: 0 | AD45: 0 | AE45: 0 | AF45: 0 | AG45: 0 | AH45: 0 | AI45: 0 | AJ45: 0 | AK45: 0 | AL45: 0 | AM45: 0 | AN45: 0 | AO45: 0 | AP45: 0 | AQ45: 0 | AR45: 0 | AS45: 0 | AT45: 0 | AU45: 0 | AV45: 0 | AW45: 0 | AX45: 0 | AY45: 0 | AZ45: 0 | BA45: 0 | BB45: 0 | BC45: 0 | BD45: 0 | BE45: 0 | BF45: 0 | BG45: 0 | BH45: 0 | BI45: 0 | BJ45: 0 | BK45: 0 | BL45: 0 | BM45: 0 | BN45: 0 | BO45: 0 | BP45: 0 | BQ45: 0 | BR45: 0 | BS45: 0 | BT45: 0 | BU45: 0 | BV45: 0 | BW45: 0 | BX45: 0 | BY45: 0 | BZ45: 0 | CA45: 0 | CB45: 0 | CC45: 0 | CD45: 0 | CE45: 0 | CF45: 0 | CG45: 0 | CH45: 0 | CI45: 0 | CJ45: 0 | CK45: 0 | CL45: 0 | CM45: 0 | CN45: 0 | CO45: 0 | CP45: 0 | CQ45: 0 | CR45: 0 | CS45: 0 | CT45: 0 | CU45: 0 | CV45: 0 | CW45: 0 | CX45: 0 | CY45: 0 | CZ45: RASTEIRA TRASEIRO NAPA I65 GATA MANIA | DA45: CALCADOS | DB45: RASTEIRA TRASEIRO | DC45: CALCADOS 33 - 40 | DD45: PAR | DE45: 0.30000000 | DF45: .T. | DG45: MILK | DH45: .F. | DJ45: I65 | DK45: 0 | DL45: 0 | DM45: 2 | DN45: 4 | DO45: 3 | DP45: 1 | DQ45: 0 | DR45: 0 | DS45: 0 | DT45: 0 | DU45: 0 | DV45: 0 | DW45: 0 | DX45: 0 | DY45: 0 | DZ45: 0 | EA45: 0 | EB45: 0 | EC45: 0 | ED45: 0 | EE45: 0 | EF45: 0 | EG45: 0 | EH45: 0 | EI45: 0 | EJ45: 0 | EK45: 0 | EL45: 0 | EM45: 0 | EN45: 0 | EO45: 0 | EP45: 0 | EQ45: 0 | ER45: 0 | ES45: 0 | ET45: 0 | EU45: 0 | EV45: 0 | EW45: 0 | EX45: 0 | EY45: 0 | EZ45: 0 | FA45: 0 | FB45: 0 | FC45: 0 | FD45: 0 | FE45: 0 | FF45: 0 | FG45: 1.1111111e+47 | FH45: .F. | FI45: .F. | FJ45: 0 | FK45: 0 | FL45: 0 | FM45: 0 | FN45: 0 | FO45: 0 | FP45: 0 | FQ45: 0 | FR45: 0 | FS45: 0 | FT45: 0 | FU45: 0 | FV45: 0 | FW45: (nulo) | FX45: (nulo) | FY45: (nulo) | FZ45: (nulo) | GA45: (nulo) | GB45: (nulo) | GC45: (nulo) | GD45: (nulo) | GE45: (nulo) | GF45: (nulo) | GG45: (nulo) | GH45: (nulo) | GI45: (nulo) | GJ45: (nulo) | GK45: (nulo) | GL45: (nulo) | GM45: (nulo) | GN45: 0 | GO45: 0 | GP45: 0 | GQ45: 0 | GR45: 0 | GS45: 0 | GT45: 0 | GU45: 0 | GV45: 0 | GW45: 0 | GX45: 0 | GY45: 0 | GZ45: 0 | HA45: 0 | HB45: 0 | HC45: 0 | HD45: 0 | HE45: 0 | HF45: 0 | HG45: 0 | HH45: 0 | HI45: 0 | HJ45: 0 | HK45: 0 | HL45: 0 | HM45: 0 | HN45: 0 | HO45: 0 | HP45: 0 | HQ45: 0 | HR45: 0 | HS45: 0 | HT45: 0
A46: 39469 | B46: 30 | C46: AJUSTES INICIAIL 0103 | E46: 2 | F46: 2 | G46: =E46-F46 -> 0 | H46: 0 | I46: 0 | J46: 0 | K46: 1 | L46: 1 | M46: 0 | N46: 0 | O46: 0 | P46: 0 | Q46: 0 | R46: 0 | S46: 0 | T46: 0 | U46: 0 | V46: 0 | W46: 0 | X46: 0 | Y46: 0 | Z46: 0 | AA46: 0 | AB46: 0 | AC46: 0 | AD46: 0 | AE46: 0 | AF46: 0 | AG46: 0 | AH46: 0 | AI46: 0 | AJ46: 0 | AK46: 0 | AL46: 0 | AM46: 0 | AN46: 0 | AO46: 0 | AP46: 0 | AQ46: 0 | AR46: 0 | AS46: 0 | AT46: 0 | AU46: 0 | AV46: 0 | AW46: 0 | AX46: 0 | AY46: 0 | AZ46: 0 | BA46: 0 | BB46: 0 | BC46: 0 | BD46: 0 | BE46: 0 | BF46: 0 | BG46: 0 | BH46: 0 | BI46: 0 | BJ46: 0 | BK46: 0 | BL46: 0 | BM46: 0 | BN46: 0 | BO46: 0 | BP46: 0 | BQ46: 0 | BR46: 0 | BS46: 0 | BT46: 0 | BU46: 0 | BV46: 0 | BW46: 0 | BX46: 0 | BY46: 0 | BZ46: 0 | CA46: 0 | CB46: 0 | CC46: 0 | CD46: 0 | CE46: 0 | CF46: 0 | CG46: 0 | CH46: 0 | CI46: 0 | CJ46: 0 | CK46: 0 | CL46: 0 | CM46: 0 | CN46: 0 | CO46: 0 | CP46: 0 | CQ46: 0 | CR46: 0 | CS46: 0 | CT46: 0 | CU46: 0 | CV46: 0 | CW46: 0 | CX46: 0 | CY46: 0 | CZ46: RASTEIRA TRASEIRO NAPA I65 GATA MANIA | DA46: CALCADOS | DB46: RASTEIRA TRASEIRO | DC46: CALCADOS 33 - 40 | DD46: PAR | DE46: 0.30000000 | DF46: .T. | DG46: CAMEL | DH46: .F. | DJ46: I65 | DK46: 0 | DL46: 0 | DM46: 0 | DN46: 1 | DO46: 1 | DP46: 0 | DQ46: 0 | DR46: 0 | DS46: 0 | DT46: 0 | DU46: 0 | DV46: 0 | DW46: 0 | DX46: 0 | DY46: 0 | DZ46: 0 | EA46: 0 | EB46: 0 | EC46: 0 | ED46: 0 | EE46: 0 | EF46: 0 | EG46: 0 | EH46: 0 | EI46: 0 | EJ46: 0 | EK46: 0 | EL46: 0 | EM46: 0 | EN46: 0 | EO46: 0 | EP46: 0 | EQ46: 0 | ER46: 0 | ES46: 0 | ET46: 0 | EU46: 0 | EV46: 0 | EW46: 0 | EX46: 0 | EY46: 0 | EZ46: 0 | FA46: 0 | FB46: 0 | FC46: 0 | FD46: 0 | FE46: 0 | FF46: 0 | FG46: 1.1111111e+47 | FH46: .F. | FI46: .F. | FJ46: 0 | FK46: 0 | FL46: 0 | FM46: 0 | FN46: 0 | FO46: 0 | FP46: 0 | FQ46: 0 | FR46: 0 | FS46: 0 | FT46: 0 | FU46: 0 | FV46: 0 | FW46: (nulo) | FX46: (nulo) | FY46: (nulo) | FZ46: (nulo) | GA46: (nulo) | GB46: (nulo) | GC46: (nulo) | GD46: (nulo) | GE46: (nulo) | GF46: (nulo) | GG46: (nulo) | GH46: (nulo) | GI46: (nulo) | GJ46: (nulo) | GK46: (nulo) | GL46: (nulo) | GM46: (nulo) | GN46: 0 | GO46: 0 | GP46: 0 | GQ46: 0 | GR46: 0 | GS46: 0 | GT46: 0 | GU46: 0 | GV46: 0 | GW46: 0 | GX46: 0 | GY46: 0 | GZ46: 0 | HA46: 0 | HB46: 0 | HC46: 0 | HD46: 0 | HE46: 0 | HF46: 0 | HG46: 0 | HH46: 0 | HI46: 0 | HJ46: 0 | HK46: 0 | HL46: 0 | HM46: 0 | HN46: 0 | HO46: 0 | HP46: 0 | HQ46: 0 | HR46: 0 | HS46: 0 | HT46: 0
A47: 39478 | B47: 5868 | C47: AJUSTES INICIAIL 0103 | E47: 1 | F47: 1 | G47: =E47-F47 -> 0 | H47: 0 | I47: 1 | J47: 0 | K47: 0 | L47: 0 | M47: 0 | N47: 0 | O47: 0 | P47: 0 | Q47: 0 | R47: 0 | S47: 0 | T47: 0 | U47: 0 | V47: 0 | W47: 0 | X47: 0 | Y47: 0 | Z47: 0 | AA47: 0 | AB47: 0 | AC47: 0 | AD47: 0 | AE47: 0 | AF47: 0 | AG47: 0 | AH47: 0 | AI47: 0 | AJ47: 0 | AK47: 0 | AL47: 0 | AM47: 0 | AN47: 0 | AO47: 0 | AP47: 0 | AQ47: 0 | AR47: 0 | AS47: 0 | AT47: 0 | AU47: 0 | AV47: 0 | AW47: 0 | AX47: 0 | AY47: 0 | AZ47: 0 | BA47: 0 | BB47: 0 | BC47: 0 | BD47: 0 | BE47: 0 | BF47: 0 | BG47: 0 | BH47: 0 | BI47: 0 | BJ47: 0 | BK47: 0 | BL47: 0 | BM47: 0 | BN47: 0 | BO47: 0 | BP47: 0 | BQ47: 0 | BR47: 0 | BS47: 0 | BT47: 0 | BU47: 0 | BV47: 0 | BW47: 0 | BX47: 0 | BY47: 0 | BZ47: 0 | CA47: 0 | CB47: 0 | CC47: 0 | CD47: 0 | CE47: 0 | CF47: 0 | CG47: 0 | CH47: 0 | CI47: 0 | CJ47: 0 | CK47: 0 | CL47: 0 | CM47: 0 | CN47: 0 | CO47: 0 | CP47: 0 | CQ47: 0 | CR47: 0 | CS47: 0 | CT47: 0 | CU47: 0 | CV47: 0 | CW47: 0 | CX47: 0 | CY47: 0 | CZ47: SCARPIN SOPHIA NAPA 62300 YOUNG | DA47: CALCADOS | DB47: SCARPIN | DC47: CALCADOS 33 - 40 | DD47: PAR | DE47: 0.41900000 | DF47: .T. | DG47: BISCUIT | DH47: .F. | DJ47: 62300 | DK47: 0 | DL47: 1 | DM47: 0 | DN47: 0 | DO47: 0 | DP47: 0 | DQ47: 0 | DR47: 0 | DS47: 0 | DT47: 0 | DU47: 0 | DV47: 0 | DW47: 0 | DX47: 0 | DY47: 0 | DZ47: 0 | EA47: 0 | EB47: 0 | EC47: 0 | ED47: 0 | EE47: 0 | EF47: 0 | EG47: 0 | EH47: 0 | EI47: 0 | EJ47: 0 | EK47: 0 | EL47: 0 | EM47: 0 | EN47: 0 | EO47: 0 | EP47: 0 | EQ47: 0 | ER47: 0 | ES47: 0 | ET47: 0 | EU47: 0 | EV47: 0 | EW47: 0 | EX47: 0 | EY47: 0 | EZ47: 0 | FA47: 0 | FB47: 0 | FC47: 0 | FD47: 0 | FE47: 0 | FF47: 0 | FG47: 1.1111111e+47 | FH47: .F. | FI47: .F. | FJ47: 0 | FK47: 0 | FL47: 0 | FM47: 0 | FN47: 0 | FO47: 0 | FP47: 0 | FQ47: 0 | FR47: 0 | FS47: 0 | FT47: 0 | FU47: 0 | FV47: 0 | FW47: (nulo) | FX47: (nulo) | FY47: (nulo) | FZ47: (nulo) | GA47: (nulo) | GB47: (nulo) | GC47: (nulo) | GD47: (nulo) | GE47: (nulo) | GF47: (nulo) | GG47: (nulo) | GH47: (nulo) | GI47: (nulo) | GJ47: (nulo) | GK47: (nulo) | GL47: (nulo) | GM47: (nulo) | GN47: 0 | GO47: 0 | GP47: 0 | GQ47: 0 | GR47: 0 | GS47: 0 | GT47: 0 | GU47: 0 | GV47: 0 | GW47: 0 | GX47: 0 | GY47: 0 | GZ47: 0 | HA47: 0 | HB47: 0 | HC47: 0 | HD47: 0 | HE47: 0 | HF47: 0 | HG47: 0 | HH47: 0 | HI47: 0 | HJ47: 0 | HK47: 0 | HL47: 0 | HM47: 0 | HN47: 0 | HO47: 0 | HP47: 0 | HQ47: 0 | HR47: 0 | HS47: 0 | HT47: 0
A48: 39606 | B48: 2 | C48: AJUSTES INICIAIL 0103 | E48: 1 | F48: 1 | G48: =E48-F48 -> 0 | H48: 1 | I48: 0 | J48: 0 | K48: 0 | L48: 0 | M48: 0 | N48: 0 | O48: 0 | P48: 0 | Q48: 0 | R48: 0 | S48: 0 | T48: 0 | U48: 0 | V48: 0 | W48: 0 | X48: 0 | Y48: 0 | Z48: 0 | AA48: 0 | AB48: 0 | AC48: 0 | AD48: 0 | AE48: 0 | AF48: 0 | AG48: 0 | AH48: 0 | AI48: 0 | AJ48: 0 | AK48: 0 | AL48: 0 | AM48: 0 | AN48: 0 | AO48: 0 | AP48: 0 | AQ48: 0 | AR48: 0 | AS48: 0 | AT48: 0 | AU48: 0 | AV48: 0 | AW48: 0 | AX48: 0 | AY48: 0 | AZ48: 0 | BA48: 0 | BB48: 0 | BC48: 0 | BD48: 0 | BE48: 0 | BF48: 0 | BG48: 0 | BH48: 0 | BI48: 0 | BJ48: 0 | BK48: 0 | BL48: 0 | BM48: 0 | BN48: 0 | BO48: 0 | BP48: 0 | BQ48: 0 | BR48: 0 | BS48: 0 | BT48: 0 | BU48: 0 | BV48: 0 | BW48: 0 | BX48: 0 | BY48: 0 | BZ48: 0 | CA48: 0 | CB48: 0 | CC48: 0 | CD48: 0 | CE48: 0 | CF48: 0 | CG48: 0 | CH48: 0 | CI48: 0 | CJ48: 0 | CK48: 0 | CL48: 0 | CM48: 0 | CN48: 0 | CO48: 0 | CP48: 0 | CQ48: 0 | CR48: 0 | CS48: 0 | CT48: 0 | CU48: 0 | CV48: 0 | CW48: 0 | CX48: 0 | CY48: 0 | CZ48: MOCASSIM COURO VEGETAL SEDA 161112866 KA | DA48: CALCADOS | DB48: MOCASSIM | DC48: CALCADOS 34 - 39 | DD48: PAR | DE48: 0.60000000 | DF48: .T. | DG48: PRETA | DH48: .F. | DJ48: 161112866 | DK48: 1 | DL48: 0 | DM48: 0 | DN48: 0 | DO48: 0 | DP48: 0 | DQ48: 0 | DR48: 0 | DS48: 0 | DT48: 0 | DU48: 0 | DV48: 0 | DW48: 0 | DX48: 0 | DY48: 0 | DZ48: 0 | EA48: 0 | EB48: 0 | EC48: 0 | ED48: 0 | EE48: 0 | EF48: 0 | EG48: 0 | EH48: 0 | EI48: 0 | EJ48: 0 | EK48: 0 | EL48: 0 | EM48: 0 | EN48: 0 | EO48: 0 | EP48: 0 | EQ48: 0 | ER48: 0 | ES48: 0 | ET48: 0 | EU48: 0 | EV48: 0 | EW48: 0 | EX48: 0 | EY48: 0 | EZ48: 0 | FA48: 0 | FB48: 0 | FC48: 0 | FD48: 0 | FE48: 0 | FF48: 0 | FG48: 1.1111111e+47 | FH48: .F. | FI48: .F. | FJ48: 0 | FK48: 0 | FL48: 0 | FM48: 0 | FN48: 0 | FO48: 0 | FP48: 0 | FQ48: 0 | FR48: 0 | FS48: 0 | FT48: 0 | FU48: 0 | FV48: 0 | FW48: (nulo) | FX48: (nulo) | FY48: (nulo) | FZ48: (nulo) | GA48: (nulo) | GB48: (nulo) | GC48: (nulo) | GD48: (nulo) | GE48: (nulo) | GF48: (nulo) | GG48: (nulo) | GH48: (nulo) | GI48: (nulo) | GJ48: (nulo) | GK48: (nulo) | GL48: (nulo) | GM48: (nulo) | GN48: 0 | GO48: 0 | GP48: 0 | GQ48: 0 | GR48: 0 | GS48: 0 | GT48: 0 | GU48: 0 | GV48: 0 | GW48: 0 | GX48: 0 | GY48: 0 | GZ48: 0 | HA48: 0 | HB48: 0 | HC48: 0 | HD48: 0 | HE48: 0 | HF48: 0 | HG48: 0 | HH48: 0 | HI48: 0 | HJ48: 0 | HK48: 0 | HL48: 0 | HM48: 0 | HN48: 0 | HO48: 0 | HP48: 0 | HQ48: 0 | HR48: 0 | HS48: 0 | HT48: 0
A49: 39606 | B49: 30 | C49: AJUSTES INICIAIL 0103 | E49: 1 | F49: 1 | G49: =E49-F49 -> 0 | H49: 1 | I49: 0 | J49: 0 | K49: 0 | L49: 0 | M49: 0 | N49: 0 | O49: 0 | P49: 0 | Q49: 0 | R49: 0 | S49: 0 | T49: 0 | U49: 0 | V49: 0 | W49: 0 | X49: 0 | Y49: 0 | Z49: 0 | AA49: 0 | AB49: 0 | AC49: 0 | AD49: 0 | AE49: 0 | AF49: 0 | AG49: 0 | AH49: 0 | AI49: 0 | AJ49: 0 | AK49: 0 | AL49: 0 | AM49: 0 | AN49: 0 | AO49: 0 | AP49: 0 | AQ49: 0 | AR49: 0 | AS49: 0 | AT49: 0 | AU49: 0 | AV49: 0 | AW49: 0 | AX49: 0 | AY49: 0 | AZ49: 0 | BA49: 0 | BB49: 0 | BC49: 0 | BD49: 0 | BE49: 0 | BF49: 0 | BG49: 0 | BH49: 0 | BI49: 0 | BJ49: 0 | BK49: 0 | BL49: 0 | BM49: 0 | BN49: 0 | BO49: 0 | BP49: 0 | BQ49: 0 | BR49: 0 | BS49: 0 | BT49: 0 | BU49: 0 | BV49: 0 | BW49: 0 | BX49: 0 | BY49: 0 | BZ49: 0 | CA49: 0 | CB49: 0 | CC49: 0 | CD49: 0 | CE49: 0 | CF49: 0 | CG49: 0 | CH49: 0 | CI49: 0 | CJ49: 0 | CK49: 0 | CL49: 0 | CM49: 0 | CN49: 0 | CO49: 0 | CP49: 0 | CQ49: 0 | CR49: 0 | CS49: 0 | CT49: 0 | CU49: 0 | CV49: 0 | CW49: 0 | CX49: 0 | CY49: 0 | CZ49: MOCASSIM COURO VEGETAL SEDA 161112866 KA | DA49: CALCADOS | DB49: MOCASSIM | DC49: CALCADOS 34 - 39 | DD49: PAR | DE49: 0.60000000 | DF49: .T. | DG49: CAMEL | DH49: .F. | DJ49: 161112866 | DK49: 1 | DL49: 0 | DM49: 0 | DN49: 0 | DO49: 0 | DP49: 0 | DQ49: 0 | DR49: 0 | DS49: 0 | DT49: 0 | DU49: 0 | DV49: 0 | DW49: 0 | DX49: 0 | DY49: 0 | DZ49: 0 | EA49: 0 | EB49: 0 | EC49: 0 | ED49: 0 | EE49: 0 | EF49: 0 | EG49: 0 | EH49: 0 | EI49: 0 | EJ49: 0 | EK49: 0 | EL49: 0 | EM49: 0 | EN49: 0 | EO49: 0 | EP49: 0 | EQ49: 0 | ER49: 0 | ES49: 0 | ET49: 0 | EU49: 0 | EV49: 0 | EW49: 0 | EX49: 0 | EY49: 0 | EZ49: 0 | FA49: 0 | FB49: 0 | FC49: 0 | FD49: 0 | FE49: 0 | FF49: 0 | FG49: 1.1111111e+47 | FH49: .F. | FI49: .F. | FJ49: 0 | FK49: 0 | FL49: 0 | FM49: 0 | FN49: 0 | FO49: 0 | FP49: 0 | FQ49: 0 | FR49: 0 | FS49: 0 | FT49: 0 | FU49: 0 | FV49: 0 | FW49: (nulo) | FX49: (nulo) | FY49: (nulo) | FZ49: (nulo) | GA49: (nulo) | GB49: (nulo) | GC49: (nulo) | GD49: (nulo) | GE49: (nulo) | GF49: (nulo) | GG49: (nulo) | GH49: (nulo) | GI49: (nulo) | GJ49: (nulo) | GK49: (nulo) | GL49: (nulo) | GM49: (nulo) | GN49: 0 | GO49: 0 | GP49: 0 | GQ49: 0 | GR49: 0 | GS49: 0 | GT49: 0 | GU49: 0 | GV49: 0 | GW49: 0 | GX49: 0 | GY49: 0 | GZ49: 0 | HA49: 0 | HB49: 0 | HC49: 0 | HD49: 0 | HE49: 0 | HF49: 0 | HG49: 0 | HH49: 0 | HI49: 0 | HJ49: 0 | HK49: 0 | HL49: 0 | HM49: 0 | HN49: 0 | HO49: 0 | HP49: 0 | HQ49: 0 | HR49: 0 | HS49: 0 | HT49: 0
A50: 39727 | B50: 157 | C50: AJUSTES INICIAIL 0103 | E50: 7 | F50: 7 | G50: =E50-F50 -> 0 | H50: 0 | I50: 1 | J50: 3 | K50: 2 | L50: 0 | M50: 0 | N50: 1 | O50: 0 | P50: 0 | Q50: 0 | R50: 0 | S50: 0 | T50: 0 | U50: 0 | V50: 0 | W50: 0 | X50: 0 | Y50: 0 | Z50: 0 | AA50: 0 | AB50: 0 | AC50: 0 | AD50: 0 | AE50: 0 | AF50: 0 | AG50: 0 | AH50: 0 | AI50: 0 | AJ50: 0 | AK50: 0 | AL50: 0 | AM50: 0 | AN50: 0 | AO50: 0 | AP50: 0 | AQ50: 0 | AR50: 0 | AS50: 0 | AT50: 0 | AU50: 0 | AV50: 0 | AW50: 0 | AX50: 0 | AY50: 0 | AZ50: 0 | BA50: 0 | BB50: 0 | BC50: 0 | BD50: 0 | BE50: 0 | BF50: 0 | BG50: 0 | BH50: 0 | BI50: 0 | BJ50: 0 | BK50: 0 | BL50: 0 | BM50: 0 | BN50: 0 | BO50: 0 | BP50: 0 | BQ50: 0 | BR50: 0 | BS50: 0 | BT50: 0 | BU50: 0 | BV50: 0 | BW50: 0 | BX50: 0 | BY50: 0 | BZ50: 0 | CA50: 0 | CB50: 0 | CC50: 0 | CD50: 0 | CE50: 0 | CF50: 0 | CG50: 0 | CH50: 0 | CI50: 0 | CJ50: 0 | CK50: 0 | CL50: 0 | CM50: 0 | CN50: 0 | CO50: 0 | CP50: 0 | CQ50: 0 | CR50: 0 | CS50: 0 | CT50: 0 | CU50: 0 | CV50: 0 | CW50: 0 | CX50: 0 | CY50: 0 | CZ50: MULE NAPA JS MULLER MK4824 | DA50: CALCADOS | DB50: MULE | DC50: CALCADOS 34 - 40 | DD50: PAR | DE50: 0.28000000 | DF50: .T. | DG50: MANTEIGA | DH50: .F. | DJ50: MK4824 | DK50: 0 | DL50: 1 | DM50: 3 | DN50: 2 | DO50: 0 | DP50: 0 | DQ50: 1 | DR50: 0 | DS50: 0 | DT50: 0 | DU50: 0 | DV50: 0 | DW50: 0 | DX50: 0 | DY50: 0 | DZ50: 0 | EA50: 0 | EB50: 0 | EC50: 0 | ED50: 0 | EE50: 0 | EF50: 0 | EG50: 0 | EH50: 0 | EI50: 0 | EJ50: 0 | EK50: 0 | EL50: 0 | EM50: 0 | EN50: 0 | EO50: 0 | EP50: 0 | EQ50: 0 | ER50: 0 | ES50: 0 | ET50: 0 | EU50: 0 | EV50: 0 | EW50: 0 | EX50: 0 | EY50: 0 | EZ50: 0 | FA50: 0 | FB50: 0 | FC50: 0 | FD50: 0 | FE50: 0 | FF50: 0 | FG50: 1.1111111e+47 | FH50: .F. | FI50: .F. | FJ50: 0 | FK50: 0 | FL50: 0 | FM50: 0 | FN50: 0 | FO50: 0 | FP50: 0 | FQ50: 0 | FR50: 0 | FS50: 0 | FT50: 0 | FU50: 0 | FV50: 0 | FW50: (nulo) | FX50: (nulo) | FY50: (nulo) | FZ50: (nulo) | GA50: (nulo) | GB50: (nulo) | GC50: (nulo) | GD50: (nulo) | GE50: (nulo) | GF50: (nulo) | GG50: (nulo) | GH50: (nulo) | GI50: (nulo) | GJ50: (nulo) | GK50: (nulo) | GL50: (nulo) | GM50: (nulo) | GN50: 0 | GO50: 0 | GP50: 0 | GQ50: 0 | GR50: 0 | GS50: 0 | GT50: 0 | GU50: 0 | GV50: 0 | GW50: 0 | GX50: 0 | GY50: 0 | GZ50: 0 | HA50: 0 | HB50: 0 | HC50: 0 | HD50: 0 | HE50: 0 | HF50: 0 | HG50: 0 | HH50: 0 | HI50: 0 | HJ50: 0 | HK50: 0 | HL50: 0 | HM50: 0 | HN50: 0 | HO50: 0 | HP50: 0 | HQ50: 0 | HR50: 0 | HS50: 0 | HT50: 0
A51: 39727 | B51: 3003 | C51: AJUSTES INICIAIL 0103 | E51: 4 | F51: 4 | G51: =E51-F51 -> 0 | H51: 1 | I51: 1 | J51: 1 | K51: 1 | L51: 0 | M51: 0 | N51: 0 | O51: 0 | P51: 0 | Q51: 0 | R51: 0 | S51: 0 | T51: 0 | U51: 0 | V51: 0 | W51: 0 | X51: 0 | Y51: 0 | Z51: 0 | AA51: 0 | AB51: 0 | AC51: 0 | AD51: 0 | AE51: 0 | AF51: 0 | AG51: 0 | AH51: 0 | AI51: 0 | AJ51: 0 | AK51: 0 | AL51: 0 | AM51: 0 | AN51: 0 | AO51: 0 | AP51: 0 | AQ51: 0 | AR51: 0 | AS51: 0 | AT51: 0 | AU51: 0 | AV51: 0 | AW51: 0 | AX51: 0 | AY51: 0 | AZ51: 0 | BA51: 0 | BB51: 0 | BC51: 0 | BD51: 0 | BE51: 0 | BF51: 0 | BG51: 0 | BH51: 0 | BI51: 0 | BJ51: 0 | BK51: 0 | BL51: 0 | BM51: 0 | BN51: 0 | BO51: 0 | BP51: 0 | BQ51: 0 | BR51: 0 | BS51: 0 | BT51: 0 | BU51: 0 | BV51: 0 | BW51: 0 | BX51: 0 | BY51: 0 | BZ51: 0 | CA51: 0 | CB51: 0 | CC51: 0 | CD51: 0 | CE51: 0 | CF51: 0 | CG51: 0 | CH51: 0 | CI51: 0 | CJ51: 0 | CK51: 0 | CL51: 0 | CM51: 0 | CN51: 0 | CO51: 0 | CP51: 0 | CQ51: 0 | CR51: 0 | CS51: 0 | CT51: 0 | CU51: 0 | CV51: 0 | CW51: 0 | CX51: 0 | CY51: 0 | CZ51: MULE NAPA JS MULLER MK4824 | DA51: CALCADOS | DB51: MULE | DC51: CALCADOS 34 - 40 | DD51: PAR | DE51: 0.28000000 | DF51: .T. | DG51: CASCA | DH51: .F. | DJ51: MK4824 | DK51: 1 | DL51: 1 | DM51: 1 | DN51: 1 | DO51: 0 | DP51: 0 | DQ51: 0 | DR51: 0 | DS51: 0 | DT51: 0 | DU51: 0 | DV51: 0 | DW51: 0 | DX51: 0 | DY51: 0 | DZ51: 0 | EA51: 0 | EB51: 0 | EC51: 0 | ED51: 0 | EE51: 0 | EF51: 0 | EG51: 0 | EH51: 0 | EI51: 0 | EJ51: 0 | EK51: 0 | EL51: 0 | EM51: 0 | EN51: 0 | EO51: 0 | EP51: 0 | EQ51: 0 | ER51: 0 | ES51: 0 | ET51: 0 | EU51: 0 | EV51: 0 | EW51: 0 | EX51: 0 | EY51: 0 | EZ51: 0 | FA51: 0 | FB51: 0 | FC51: 0 | FD51: 0 | FE51: 0 | FF51: 0 | FG51: 1.1111111e+47 | FH51: .F. | FI51: .F. | FJ51: 0 | FK51: 0 | FL51: 0 | FM51: 0 | FN51: 0 | FO51: 0 | FP51: 0 | FQ51: 0 | FR51: 0 | FS51: 0 | FT51: 0 | FU51: 0 | FV51: 0 | FW51: (nulo) | FX51: (nulo) | FY51: (nulo) | FZ51: (nulo) | GA51: (nulo) | GB51: (nulo) | GC51: (nulo) | GD51: (nulo) | GE51: (nulo) | GF51: (nulo) | GG51: (nulo) | GH51: (nulo) | GI51: (nulo) | GJ51: (nulo) | GK51: (nulo) | GL51: (nulo) | GM51: (nulo) | GN51: 0 | GO51: 0 | GP51: 0 | GQ51: 0 | GR51: 0 | GS51: 0 | GT51: 0 | GU51: 0 | GV51: 0 | GW51: 0 | GX51: 0 | GY51: 0 | GZ51: 0 | HA51: 0 | HB51: 0 | HC51: 0 | HD51: 0 | HE51: 0 | HF51: 0 | HG51: 0 | HH51: 0 | HI51: 0 | HJ51: 0 | HK51: 0 | HL51: 0 | HM51: 0 | HN51: 0 | HO51: 0 | HP51: 0 | HQ51: 0 | HR51: 0 | HS51: 0 | HT51: 0
A52: 39727 | B52: 3341 | C52: AJUSTES INICIAIL 0103 | E52: 1 | F52: 1 | G52: =E52-F52 -> 0 | H52: 0 | I52: 0 | J52: 1 | K52: 0 | L52: 0 | M52: 0 | N52: 0 | O52: 0 | P52: 0 | Q52: 0 | R52: 0 | S52: 0 | T52: 0 | U52: 0 | V52: 0 | W52: 0 | X52: 0 | Y52: 0 | Z52: 0 | AA52: 0 | AB52: 0 | AC52: 0 | AD52: 0 | AE52: 0 | AF52: 0 | AG52: 0 | AH52: 0 | AI52: 0 | AJ52: 0 | AK52: 0 | AL52: 0 | AM52: 0 | AN52: 0 | AO52: 0 | AP52: 0 | AQ52: 0 | AR52: 0 | AS52: 0 | AT52: 0 | AU52: 0 | AV52: 0 | AW52: 0 | AX52: 0 | AY52: 0 | AZ52: 0 | BA52: 0 | BB52: 0 | BC52: 0 | BD52: 0 | BE52: 0 | BF52: 0 | BG52: 0 | BH52: 0 | BI52: 0 | BJ52: 0 | BK52: 0 | BL52: 0 | BM52: 0 | BN52: 0 | BO52: 0 | BP52: 0 | BQ52: 0 | BR52: 0 | BS52: 0 | BT52: 0 | BU52: 0 | BV52: 0 | BW52: 0 | BX52: 0 | BY52: 0 | BZ52: 0 | CA52: 0 | CB52: 0 | CC52: 0 | CD52: 0 | CE52: 0 | CF52: 0 | CG52: 0 | CH52: 0 | CI52: 0 | CJ52: 0 | CK52: 0 | CL52: 0 | CM52: 0 | CN52: 0 | CO52: 0 | CP52: 0 | CQ52: 0 | CR52: 0 | CS52: 0 | CT52: 0 | CU52: 0 | CV52: 0 | CW52: 0 | CX52: 0 | CY52: 0 | CZ52: MULE NAPA JS MULLER MK4824 | DA52: CALCADOS | DB52: MULE | DC52: CALCADOS 34 - 40 | DD52: PAR | DE52: 0.28000000 | DF52: .T. | DG52: MILK | DH52: .F. | DJ52: MK4824 | DK52: 0 | DL52: 0 | DM52: 1 | DN52: 0 | DO52: 0 | DP52: 0 | DQ52: 0 | DR52: 0 | DS52: 0 | DT52: 0 | DU52: 0 | DV52: 0 | DW52: 0 | DX52: 0 | DY52: 0 | DZ52: 0 | EA52: 0 | EB52: 0 | EC52: 0 | ED52: 0 | EE52: 0 | EF52: 0 | EG52: 0 | EH52: 0 | EI52: 0 | EJ52: 0 | EK52: 0 | EL52: 0 | EM52: 0 | EN52: 0 | EO52: 0 | EP52: 0 | EQ52: 0 | ER52: 0 | ES52: 0 | ET52: 0 | EU52: 0 | EV52: 0 | EW52: 0 | EX52: 0 | EY52: 0 | EZ52: 0 | FA52: 0 | FB52: 0 | FC52: 0 | FD52: 0 | FE52: 0 | FF52: 0 | FG52: 1.1111111e+47 | FH52: .F. | FI52: .F. | FJ52: 0 | FK52: 0 | FL52: 0 | FM52: 0 | FN52: 0 | FO52: 0 | FP52: 0 | FQ52: 0 | FR52: 0 | FS52: 0 | FT52: 0 | FU52: 0 | FV52: 0 | FW52: (nulo) | FX52: (nulo) | FY52: (nulo) | FZ52: (nulo) | GA52: (nulo) | GB52: (nulo) | GC52: (nulo) | GD52: (nulo) | GE52: (nulo) | GF52: (nulo) | GG52: (nulo) | GH52: (nulo) | GI52: (nulo) | GJ52: (nulo) | GK52: (nulo) | GL52: (nulo) | GM52: (nulo) | GN52: 0 | GO52: 0 | GP52: 0 | GQ52: 0 | GR52: 0 | GS52: 0 | GT52: 0 | GU52: 0 | GV52: 0 | GW52: 0 | GX52: 0 | GY52: 0 | GZ52: 0 | HA52: 0 | HB52: 0 | HC52: 0 | HD52: 0 | HE52: 0 | HF52: 0 | HG52: 0 | HH52: 0 | HI52: 0 | HJ52: 0 | HK52: 0 | HL52: 0 | HM52: 0 | HN52: 0 | HO52: 0 | HP52: 0 | HQ52: 0 | HR52: 0 | HS52: 0 | HT52: 0
A53: 39848 | B53: 3341 | C53: AJUSTES INICIAIL 0103 | E53: 6 | F53: 6 | G53: =E53-F53 -> 0 | H53: 0 | I53: 1 | J53: 2 | K53: 2 | L53: 0 | M53: 1 | N53: 0 | O53: 0 | P53: 0 | Q53: 0 | R53: 0 | S53: 0 | T53: 0 | U53: 0 | V53: 0 | W53: 0 | X53: 0 | Y53: 0 | Z53: 0 | AA53: 0 | AB53: 0 | AC53: 0 | AD53: 0 | AE53: 0 | AF53: 0 | AG53: 0 | AH53: 0 | AI53: 0 | AJ53: 0 | AK53: 0 | AL53: 0 | AM53: 0 | AN53: 0 | AO53: 0 | AP53: 0 | AQ53: 0 | AR53: 0 | AS53: 0 | AT53: 0 | AU53: 0 | AV53: 0 | AW53: 0 | AX53: 0 | AY53: 0 | AZ53: 0 | BA53: 0 | BB53: 0 | BC53: 0 | BD53: 0 | BE53: 0 | BF53: 0 | BG53: 0 | BH53: 0 | BI53: 0 | BJ53: 0 | BK53: 0 | BL53: 0 | BM53: 0 | BN53: 0 | BO53: 0 | BP53: 0 | BQ53: 0 | BR53: 0 | BS53: 0 | BT53: 0 | BU53: 0 | BV53: 0 | BW53: 0 | BX53: 0 | BY53: 0 | BZ53: 0 | CA53: 0 | CB53: 0 | CC53: 0 | CD53: 0 | CE53: 0 | CF53: 0 | CG53: 0 | CH53: 0 | CI53: 0 | CJ53: 0 | CK53: 0 | CL53: 0 | CM53: 0 | CN53: 0 | CO53: 0 | CP53: 0 | CQ53: 0 | CR53: 0 | CS53: 0 | CT53: 0 | CU53: 0 | CV53: 0 | CW53: 0 | CX53: 0 | CY53: 0 | CZ53: TENIS NAPA TECIDO GORGURINHO 2611 THEORI | DA53: CALCADOS | DB53: TENIS | DC53: CALCADOS 34 - 40 | DD53: PAR | DE53: 0.76800000 | DF53: .T. | DG53: MILK | DH53: .F. | DJ53: 2611 | DK53: 0 | DL53: 1 | DM53: 2 | DN53: 2 | DO53: 0 | DP53: 1 | DQ53: 0 | DR53: 0 | DS53: 0 | DT53: 0 | DU53: 0 | DV53: 0 | DW53: 0 | DX53: 0 | DY53: 0 | DZ53: 0 | EA53: 0 | EB53: 0 | EC53: 0 | ED53: 0 | EE53: 0 | EF53: 0 | EG53: 0 | EH53: 0 | EI53: 0 | EJ53: 0 | EK53: 0 | EL53: 0 | EM53: 0 | EN53: 0 | EO53: 0 | EP53: 0 | EQ53: 0 | ER53: 0 | ES53: 0 | ET53: 0 | EU53: 0 | EV53: 0 | EW53: 0 | EX53: 0 | EY53: 0 | EZ53: 0 | FA53: 0 | FB53: 0 | FC53: 0 | FD53: 0 | FE53: 0 | FF53: 0 | FG53: 1.1111111e+47 | FH53: .F. | FI53: .F. | FJ53: 0 | FK53: 0 | FL53: 0 | FM53: 0 | FN53: 0 | FO53: 0 | FP53: 0 | FQ53: 0 | FR53: 0 | FS53: 0 | FT53: 0 | FU53: 0 | FV53: 0 | FW53: (nulo) | FX53: (nulo) | FY53: (nulo) | FZ53: (nulo) | GA53: (nulo) | GB53: (nulo) | GC53: (nulo) | GD53: (nulo) | GE53: (nulo) | GF53: (nulo) | GG53: (nulo) | GH53: (nulo) | GI53: (nulo) | GJ53: (nulo) | GK53: (nulo) | GL53: (nulo) | GM53: (nulo) | GN53: 0 | GO53: 0 | GP53: 0 | GQ53: 0 | GR53: 0 | GS53: 0 | GT53: 0 | GU53: 0 | GV53: 0 | GW53: 0 | GX53: 0 | GY53: 0 | GZ53: 0 | HA53: 0 | HB53: 0 | HC53: 0 | HD53: 0 | HE53: 0 | HF53: 0 | HG53: 0 | HH53: 0 | HI53: 0 | HJ53: 0 | HK53: 0 | HL53: 0 | HM53: 0 | HN53: 0 | HO53: 0 | HP53: 0 | HQ53: 0 | HR53: 0 | HS53: 0 | HT53: 0
A54: 39848 | B54: 30 | C54: AJUSTES INICIAIL 0103 | E54: 2 | F54: 2 | G54: =E54-F54 -> 0 | H54: 0 | I54: 0 | J54: 1 | K54: 1 | L54: 0 | M54: 0 | N54: 0 | O54: 0 | P54: 0 | Q54: 0 | R54: 0 | S54: 0 | T54: 0 | U54: 0 | V54: 0 | W54: 0 | X54: 0 | Y54: 0 | Z54: 0 | AA54: 0 | AB54: 0 | AC54: 0 | AD54: 0 | AE54: 0 | AF54: 0 | AG54: 0 | AH54: 0 | AI54: 0 | AJ54: 0 | AK54: 0 | AL54: 0 | AM54: 0 | AN54: 0 | AO54: 0 | AP54: 0 | AQ54: 0 | AR54: 0 | AS54: 0 | AT54: 0 | AU54: 0 | AV54: 0 | AW54: 0 | AX54: 0 | AY54: 0 | AZ54: 0 | BA54: 0 | BB54: 0 | BC54: 0 | BD54: 0 | BE54: 0 | BF54: 0 | BG54: 0 | BH54: 0 | BI54: 0 | BJ54: 0 | BK54: 0 | BL54: 0 | BM54: 0 | BN54: 0 | BO54: 0 | BP54: 0 | BQ54: 0 | BR54: 0 | BS54: 0 | BT54: 0 | BU54: 0 | BV54: 0 | BW54: 0 | BX54: 0 | BY54: 0 | BZ54: 0 | CA54: 0 | CB54: 0 | CC54: 0 | CD54: 0 | CE54: 0 | CF54: 0 | CG54: 0 | CH54: 0 | CI54: 0 | CJ54: 0 | CK54: 0 | CL54: 0 | CM54: 0 | CN54: 0 | CO54: 0 | CP54: 0 | CQ54: 0 | CR54: 0 | CS54: 0 | CT54: 0 | CU54: 0 | CV54: 0 | CW54: 0 | CX54: 0 | CY54: 0 | CZ54: TENIS NAPA TECIDO GORGURINHO 2611 THEORI | DA54: CALCADOS | DB54: TENIS | DC54: CALCADOS 34 - 40 | DD54: PAR | DE54: 0.76800000 | DF54: .T. | DG54: CAMEL | DH54: .F. | DJ54: 2611 | DK54: 0 | DL54: 0 | DM54: 1 | DN54: 1 | DO54: 0 | DP54: 0 | DQ54: 0 | DR54: 0 | DS54: 0 | DT54: 0 | DU54: 0 | DV54: 0 | DW54: 0 | DX54: 0 | DY54: 0 | DZ54: 0 | EA54: 0 | EB54: 0 | EC54: 0 | ED54: 0 | EE54: 0 | EF54: 0 | EG54: 0 | EH54: 0 | EI54: 0 | EJ54: 0 | EK54: 0 | EL54: 0 | EM54: 0 | EN54: 0 | EO54: 0 | EP54: 0 | EQ54: 0 | ER54: 0 | ES54: 0 | ET54: 0 | EU54: 0 | EV54: 0 | EW54: 0 | EX54: 0 | EY54: 0 | EZ54: 0 | FA54: 0 | FB54: 0 | FC54: 0 | FD54: 0 | FE54: 0 | FF54: 0 | FG54: 1.1111111e+47 | FH54: .F. | FI54: .F. | FJ54: 0 | FK54: 0 | FL54: 0 | FM54: 0 | FN54: 0 | FO54: 0 | FP54: 0 | FQ54: 0 | FR54: 0 | FS54: 0 | FT54: 0 | FU54: 0 | FV54: 0 | FW54: (nulo) | FX54: (nulo) | FY54: (nulo) | FZ54: (nulo) | GA54: (nulo) | GB54: (nulo) | GC54: (nulo) | GD54: (nulo) | GE54: (nulo) | GF54: (nulo) | GG54: (nulo) | GH54: (nulo) | GI54: (nulo) | GJ54: (nulo) | GK54: (nulo) | GL54: (nulo) | GM54: (nulo) | GN54: 0 | GO54: 0 | GP54: 0 | GQ54: 0 | GR54: 0 | GS54: 0 | GT54: 0 | GU54: 0 | GV54: 0 | GW54: 0 | GX54: 0 | GY54: 0 | GZ54: 0 | HA54: 0 | HB54: 0 | HC54: 0 | HD54: 0 | HE54: 0 | HF54: 0 | HG54: 0 | HH54: 0 | HI54: 0 | HJ54: 0 | HK54: 0 | HL54: 0 | HM54: 0 | HN54: 0 | HO54: 0 | HP54: 0 | HQ54: 0 | HR54: 0 | HS54: 0 | HT54: 0
A55: 39962 | B55: 3003 | C55: AJUSTES INICIAIL 0103 | E55: 6 | F55: 6 | G55: =E55-F55 -> 0 | H55: 0 | I55: 0 | J55: 0 | K55: 4 | L55: 2 | M55: 0 | N55: 0 | O55: 0 | P55: 0 | Q55: 0 | R55: 0 | S55: 0 | T55: 0 | U55: 0 | V55: 0 | W55: 0 | X55: 0 | Y55: 0 | Z55: 0 | AA55: 0 | AB55: 0 | AC55: 0 | AD55: 0 | AE55: 0 | AF55: 0 | AG55: 0 | AH55: 0 | AI55: 0 | AJ55: 0 | AK55: 0 | AL55: 0 | AM55: 0 | AN55: 0 | AO55: 0 | AP55: 0 | AQ55: 0 | AR55: 0 | AS55: 0 | AT55: 0 | AU55: 0 | AV55: 0 | AW55: 0 | AX55: 0 | AY55: 0 | AZ55: 0 | BA55: 0 | BB55: 0 | BC55: 0 | BD55: 0 | BE55: 0 | BF55: 0 | BG55: 0 | BH55: 0 | BI55: 0 | BJ55: 0 | BK55: 0 | BL55: 0 | BM55: 0 | BN55: 0 | BO55: 0 | BP55: 0 | BQ55: 0 | BR55: 0 | BS55: 0 | BT55: 0 | BU55: 0 | BV55: 0 | BW55: 0 | BX55: 0 | BY55: 0 | BZ55: 0 | CA55: 0 | CB55: 0 | CC55: 0 | CD55: 0 | CE55: 0 | CF55: 0 | CG55: 0 | CH55: 0 | CI55: 0 | CJ55: 0 | CK55: 0 | CL55: 0 | CM55: 0 | CN55: 0 | CO55: 0 | CP55: 0 | CQ55: 0 | CR55: 0 | CS55: 0 | CT55: 0 | CU55: 0 | CV55: 0 | CW55: 0 | CX55: 0 | CY55: 0 | CZ55: PLATAFORMA NAPA MK5087 JS MULLER | DA55: CALCADOS | DB55: PLATAFORMA | DC55: CALCADOS 34 - 40 | DD55: PAR | DE55: 0.80000000 | DF55: .T. | DG55: CASCA | DH55: .F. | DJ55: MK5087 | DK55: 0 | DL55: 0 | DM55: 0 | DN55: 4 | DO55: 2 | DP55: 0 | DQ55: 0 | DR55: 0 | DS55: 0 | DT55: 0 | DU55: 0 | DV55: 0 | DW55: 0 | DX55: 0 | DY55: 0 | DZ55: 0 | EA55: 0 | EB55: 0 | EC55: 0 | ED55: 0 | EE55: 0 | EF55: 0 | EG55: 0 | EH55: 0 | EI55: 0 | EJ55: 0 | EK55: 0 | EL55: 0 | EM55: 0 | EN55: 0 | EO55: 0 | EP55: 0 | EQ55: 0 | ER55: 0 | ES55: 0 | ET55: 0 | EU55: 0 | EV55: 0 | EW55: 0 | EX55: 0 | EY55: 0 | EZ55: 0 | FA55: 0 | FB55: 0 | FC55: 0 | FD55: 0 | FE55: 0 | FF55: 0 | FG55: 1.1111111e+47 | FH55: .F. | FI55: .F. | FJ55: 0 | FK55: 0 | FL55: 0 | FM55: 0 | FN55: 0 | FO55: 0 | FP55: 0 | FQ55: 0 | FR55: 0 | FS55: 0 | FT55: 0 | FU55: 0 | FV55: 0 | FW55: (nulo) | FX55: (nulo) | FY55: (nulo) | FZ55: (nulo) | GA55: (nulo) | GB55: (nulo) | GC55: (nulo) | GD55: (nulo) | GE55: (nulo) | GF55: (nulo) | GG55: (nulo) | GH55: (nulo) | GI55: (nulo) | GJ55: (nulo) | GK55: (nulo) | GL55: (nulo) | GM55: (nulo) | GN55: 0 | GO55: 0 | GP55: 0 | GQ55: 0 | GR55: 0 | GS55: 0 | GT55: 0 | GU55: 0 | GV55: 0 | GW55: 0 | GX55: 0 | GY55: 0 | GZ55: 0 | HA55: 0 | HB55: 0 | HC55: 0 | HD55: 0 | HE55: 0 | HF55: 0 | HG55: 0 | HH55: 0 | HI55: 0 | HJ55: 0 | HK55: 0 | HL55: 0 | HM55: 0 | HN55: 0 | HO55: 0 | HP55: 0 | HQ55: 0 | HR55: 0 | HS55: 0 | HT55: 0
A56: 39962 | B56: 8064 | C56: AJUSTES INICIAIL 0103 | E56: 6 | F56: 6 | G56: =E56-F56 -> 0 | H56: 0 | I56: 1 | J56: 1 | K56: 3 | L56: 0 | M56: 0 | N56: 1 | O56: 0 | P56: 0 | Q56: 0 | R56: 0 | S56: 0 | T56: 0 | U56: 0 | V56: 0 | W56: 0 | X56: 0 | Y56: 0 | Z56: 0 | AA56: 0 | AB56: 0 | AC56: 0 | AD56: 0 | AE56: 0 | AF56: 0 | AG56: 0 | AH56: 0 | AI56: 0 | AJ56: 0 | AK56: 0 | AL56: 0 | AM56: 0 | AN56: 0 | AO56: 0 | AP56: 0 | AQ56: 0 | AR56: 0 | AS56: 0 | AT56: 0 | AU56: 0 | AV56: 0 | AW56: 0 | AX56: 0 | AY56: 0 | AZ56: 0 | BA56: 0 | BB56: 0 | BC56: 0 | BD56: 0 | BE56: 0 | BF56: 0 | BG56: 0 | BH56: 0 | BI56: 0 | BJ56: 0 | BK56: 0 | BL56: 0 | BM56: 0 | BN56: 0 | BO56: 0 | BP56: 0 | BQ56: 0 | BR56: 0 | BS56: 0 | BT56: 0 | BU56: 0 | BV56: 0 | BW56: 0 | BX56: 0 | BY56: 0 | BZ56: 0 | CA56: 0 | CB56: 0 | CC56: 0 | CD56: 0 | CE56: 0 | CF56: 0 | CG56: 0 | CH56: 0 | CI56: 0 | CJ56: 0 | CK56: 0 | CL56: 0 | CM56: 0 | CN56: 0 | CO56: 0 | CP56: 0 | CQ56: 0 | CR56: 0 | CS56: 0 | CT56: 0 | CU56: 0 | CV56: 0 | CW56: 0 | CX56: 0 | CY56: 0 | CZ56: PLATAFORMA NAPA MK5087 JS MULLER | DA56: CALCADOS | DB56: PLATAFORMA | DC56: CALCADOS 34 - 40 | DD56: PAR | DE56: 0.80000000 | DF56: .T. | DG56: COTTON | DH56: .F. | DJ56: MK5087 | DK56: 0 | DL56: 1 | DM56: 1 | DN56: 3 | DO56: 0 | DP56: 0 | DQ56: 1 | DR56: 0 | DS56: 0 | DT56: 0 | DU56: 0 | DV56: 0 | DW56: 0 | DX56: 0 | DY56: 0 | DZ56: 0 | EA56: 0 | EB56: 0 | EC56: 0 | ED56: 0 | EE56: 0 | EF56: 0 | EG56: 0 | EH56: 0 | EI56: 0 | EJ56: 0 | EK56: 0 | EL56: 0 | EM56: 0 | EN56: 0 | EO56: 0 | EP56: 0 | EQ56: 0 | ER56: 0 | ES56: 0 | ET56: 0 | EU56: 0 | EV56: 0 | EW56: 0 | EX56: 0 | EY56: 0 | EZ56: 0 | FA56: 0 | FB56: 0 | FC56: 0 | FD56: 0 | FE56: 0 | FF56: 0 | FG56: 1.1111111e+47 | FH56: .F. | FI56: .F. | FJ56: 0 | FK56: 0 | FL56: 0 | FM56: 0 | FN56: 0 | FO56: 0 | FP56: 0 | FQ56: 0 | FR56: 0 | FS56: 0 | FT56: 0 | FU56: 0 | FV56: 0 | FW56: (nulo) | FX56: (nulo) | FY56: (nulo) | FZ56: (nulo) | GA56: (nulo) | GB56: (nulo) | GC56: (nulo) | GD56: (nulo) | GE56: (nulo) | GF56: (nulo) | GG56: (nulo) | GH56: (nulo) | GI56: (nulo) | GJ56: (nulo) | GK56: (nulo) | GL56: (nulo) | GM56: (nulo) | GN56: 0 | GO56: 0 | GP56: 0 | GQ56: 0 | GR56: 0 | GS56: 0 | GT56: 0 | GU56: 0 | GV56: 0 | GW56: 0 | GX56: 0 | GY56: 0 | GZ56: 0 | HA56: 0 | HB56: 0 | HC56: 0 | HD56: 0 | HE56: 0 | HF56: 0 | HG56: 0 | HH56: 0 | HI56: 0 | HJ56: 0 | HK56: 0 | HL56: 0 | HM56: 0 | HN56: 0 | HO56: 0 | HP56: 0 | HQ56: 0 | HR56: 0 | HS56: 0 | HT56: 0
A57: 39963 | B57: 4539 | C57: AJUSTES INICIAIL 0103 | E57: 6 | F57: 6 | G57: =E57-F57 -> 0 | H57: 1 | I57: 1 | J57: 0 | K57: 2 | L57: 2 | M57: 0 | N57: 0 | O57: 0 | P57: 0 | Q57: 0 | R57: 0 | S57: 0 | T57: 0 | U57: 0 | V57: 0 | W57: 0 | X57: 0 | Y57: 0 | Z57: 0 | AA57: 0 | AB57: 0 | AC57: 0 | AD57: 0 | AE57: 0 | AF57: 0 | AG57: 0 | AH57: 0 | AI57: 0 | AJ57: 0 | AK57: 0 | AL57: 0 | AM57: 0 | AN57: 0 | AO57: 0 | AP57: 0 | AQ57: 0 | AR57: 0 | AS57: 0 | AT57: 0 | AU57: 0 | AV57: 0 | AW57: 0 | AX57: 0 | AY57: 0 | AZ57: 0 | BA57: 0 | BB57: 0 | BC57: 0 | BD57: 0 | BE57: 0 | BF57: 0 | BG57: 0 | BH57: 0 | BI57: 0 | BJ57: 0 | BK57: 0 | BL57: 0 | BM57: 0 | BN57: 0 | BO57: 0 | BP57: 0 | BQ57: 0 | BR57: 0 | BS57: 0 | BT57: 0 | BU57: 0 | BV57: 0 | BW57: 0 | BX57: 0 | BY57: 0 | BZ57: 0 | CA57: 0 | CB57: 0 | CC57: 0 | CD57: 0 | CE57: 0 | CF57: 0 | CG57: 0 | CH57: 0 | CI57: 0 | CJ57: 0 | CK57: 0 | CL57: 0 | CM57: 0 | CN57: 0 | CO57: 0 | CP57: 0 | CQ57: 0 | CR57: 0 | CS57: 0 | CT57: 0 | CU57: 0 | CV57: 0 | CW57: 0 | CX57: 0 | CY57: 0 | CZ57: PLATAFORMA METALIZADO MK5087 JS MULLER | DA57: CALCADOS | DB57: PLATAFORMA | DC57: CALCADOS 34 - 40 | DD57: PAR | DE57: 0.64000000 | DF57: .T. | DG57: CHAMPAGNE | DH57: .F. | DJ57: MK5087 | DK57: 1 | DL57: 1 | DM57: 0 | DN57: 2 | DO57: 2 | DP57: 0 | DQ57: 0 | DR57: 0 | DS57: 0 | DT57: 0 | DU57: 0 | DV57: 0 | DW57: 0 | DX57: 0 | DY57: 0 | DZ57: 0 | EA57: 0 | EB57: 0 | EC57: 0 | ED57: 0 | EE57: 0 | EF57: 0 | EG57: 0 | EH57: 0 | EI57: 0 | EJ57: 0 | EK57: 0 | EL57: 0 | EM57: 0 | EN57: 0 | EO57: 0 | EP57: 0 | EQ57: 0 | ER57: 0 | ES57: 0 | ET57: 0 | EU57: 0 | EV57: 0 | EW57: 0 | EX57: 0 | EY57: 0 | EZ57: 0 | FA57: 0 | FB57: 0 | FC57: 0 | FD57: 0 | FE57: 0 | FF57: 0 | FG57: 1.1111111e+47 | FH57: .F. | FI57: .F. | FJ57: 0 | FK57: 0 | FL57: 0 | FM57: 0 | FN57: 0 | FO57: 0 | FP57: 0 | FQ57: 0 | FR57: 0 | FS57: 0 | FT57: 0 | FU57: 0 | FV57: 0 | FW57: (nulo) | FX57: (nulo) | FY57: (nulo) | FZ57: (nulo) | GA57: (nulo) | GB57: (nulo) | GC57: (nulo) | GD57: (nulo) | GE57: (nulo) | GF57: (nulo) | GG57: (nulo) | GH57: (nulo) | GI57: (nulo) | GJ57: (nulo) | GK57: (nulo) | GL57: (nulo) | GM57: (nulo) | GN57: 0 | GO57: 0 | GP57: 0 | GQ57: 0 | GR57: 0 | GS57: 0 | GT57: 0 | GU57: 0 | GV57: 0 | GW57: 0 | GX57: 0 | GY57: 0 | GZ57: 0 | HA57: 0 | HB57: 0 | HC57: 0 | HD57: 0 | HE57: 0 | HF57: 0 | HG57: 0 | HH57: 0 | HI57: 0 | HJ57: 0 | HK57: 0 | HL57: 0 | HM57: 0 | HN57: 0 | HO57: 0 | HP57: 0 | HQ57: 0 | HR57: 0 | HS57: 0 | HT57: 0
A58: 39965 | B58: 2 | C58: AJUSTES INICIAIL 0103 | E58: 2 | F58: 2 | G58: =E58-F58 -> 0 | H58: 0 | I58: 0 | J58: 0 | K58: 2 | L58: 0 | M58: 0 | N58: 0 | O58: 0 | P58: 0 | Q58: 0 | R58: 0 | S58: 0 | T58: 0 | U58: 0 | V58: 0 | W58: 0 | X58: 0 | Y58: 0 | Z58: 0 | AA58: 0 | AB58: 0 | AC58: 0 | AD58: 0 | AE58: 0 | AF58: 0 | AG58: 0 | AH58: 0 | AI58: 0 | AJ58: 0 | AK58: 0 | AL58: 0 | AM58: 0 | AN58: 0 | AO58: 0 | AP58: 0 | AQ58: 0 | AR58: 0 | AS58: 0 | AT58: 0 | AU58: 0 | AV58: 0 | AW58: 0 | AX58: 0 | AY58: 0 | AZ58: 0 | BA58: 0 | BB58: 0 | BC58: 0 | BD58: 0 | BE58: 0 | BF58: 0 | BG58: 0 | BH58: 0 | BI58: 0 | BJ58: 0 | BK58: 0 | BL58: 0 | BM58: 0 | BN58: 0 | BO58: 0 | BP58: 0 | BQ58: 0 | BR58: 0 | BS58: 0 | BT58: 0 | BU58: 0 | BV58: 0 | BW58: 0 | BX58: 0 | BY58: 0 | BZ58: 0 | CA58: 0 | CB58: 0 | CC58: 0 | CD58: 0 | CE58: 0 | CF58: 0 | CG58: 0 | CH58: 0 | CI58: 0 | CJ58: 0 | CK58: 0 | CL58: 0 | CM58: 0 | CN58: 0 | CO58: 0 | CP58: 0 | CQ58: 0 | CR58: 0 | CS58: 0 | CT58: 0 | CU58: 0 | CV58: 0 | CW58: 0 | CX58: 0 | CY58: 0 | CZ58: SANDALIA BAIXA NOBUCK 22022303 VIA FASHI | DA58: CALCADOS | DB58: SANDALIA BAIXA | DC58: CALCADOS 34 - 40 | DD58: PAR | DE58: 0.30000000 | DF58: .T. | DG58: PRETA | DH58: .F. | DJ58: 22022303 | DK58: 0 | DL58: 0 | DM58: 0 | DN58: 2 | DO58: 0 | DP58: 0 | DQ58: 0 | DR58: 0 | DS58: 0 | DT58: 0 | DU58: 0 | DV58: 0 | DW58: 0 | DX58: 0 | DY58: 0 | DZ58: 0 | EA58: 0 | EB58: 0 | EC58: 0 | ED58: 0 | EE58: 0 | EF58: 0 | EG58: 0 | EH58: 0 | EI58: 0 | EJ58: 0 | EK58: 0 | EL58: 0 | EM58: 0 | EN58: 0 | EO58: 0 | EP58: 0 | EQ58: 0 | ER58: 0 | ES58: 0 | ET58: 0 | EU58: 0 | EV58: 0 | EW58: 0 | EX58: 0 | EY58: 0 | EZ58: 0 | FA58: 0 | FB58: 0 | FC58: 0 | FD58: 0 | FE58: 0 | FF58: 0 | FG58: 1.1111111e+47 | FH58: .F. | FI58: .F. | FJ58: 0 | FK58: 0 | FL58: 0 | FM58: 0 | FN58: 0 | FO58: 0 | FP58: 0 | FQ58: 0 | FR58: 0 | FS58: 0 | FT58: 0 | FU58: 0 | FV58: 0 | FW58: (nulo) | FX58: (nulo) | FY58: (nulo) | FZ58: (nulo) | GA58: (nulo) | GB58: (nulo) | GC58: (nulo) | GD58: (nulo) | GE58: (nulo) | GF58: (nulo) | GG58: (nulo) | GH58: (nulo) | GI58: (nulo) | GJ58: (nulo) | GK58: (nulo) | GL58: (nulo) | GM58: (nulo) | GN58: 0 | GO58: 0 | GP58: 0 | GQ58: 0 | GR58: 0 | GS58: 0 | GT58: 0 | GU58: 0 | GV58: 0 | GW58: 0 | GX58: 0 | GY58: 0 | GZ58: 0 | HA58: 0 | HB58: 0 | HC58: 0 | HD58: 0 | HE58: 0 | HF58: 0 | HG58: 0 | HH58: 0 | HI58: 0 | HJ58: 0 | HK58: 0 | HL58: 0 | HM58: 0 | HN58: 0 | HO58: 0 | HP58: 0 | HQ58: 0 | HR58: 0 | HS58: 0 | HT58: 0
A59: 39965 | B59: 30 | C59: AJUSTES INICIAIL 0103 | E59: 1 | F59: 1 | G59: =E59-F59 -> 0 | H59: 0 | I59: 0 | J59: 0 | K59: 0 | L59: 1 | M59: 0 | N59: 0 | O59: 0 | P59: 0 | Q59: 0 | R59: 0 | S59: 0 | T59: 0 | U59: 0 | V59: 0 | W59: 0 | X59: 0 | Y59: 0 | Z59: 0 | AA59: 0 | AB59: 0 | AC59: 0 | AD59: 0 | AE59: 0 | AF59: 0 | AG59: 0 | AH59: 0 | AI59: 0 | AJ59: 0 | AK59: 0 | AL59: 0 | AM59: 0 | AN59: 0 | AO59: 0 | AP59: 0 | AQ59: 0 | AR59: 0 | AS59: 0 | AT59: 0 | AU59: 0 | AV59: 0 | AW59: 0 | AX59: 0 | AY59: 0 | AZ59: 0 | BA59: 0 | BB59: 0 | BC59: 0 | BD59: 0 | BE59: 0 | BF59: 0 | BG59: 0 | BH59: 0 | BI59: 0 | BJ59: 0 | BK59: 0 | BL59: 0 | BM59: 0 | BN59: 0 | BO59: 0 | BP59: 0 | BQ59: 0 | BR59: 0 | BS59: 0 | BT59: 0 | BU59: 0 | BV59: 0 | BW59: 0 | BX59: 0 | BY59: 0 | BZ59: 0 | CA59: 0 | CB59: 0 | CC59: 0 | CD59: 0 | CE59: 0 | CF59: 0 | CG59: 0 | CH59: 0 | CI59: 0 | CJ59: 0 | CK59: 0 | CL59: 0 | CM59: 0 | CN59: 0 | CO59: 0 | CP59: 0 | CQ59: 0 | CR59: 0 | CS59: 0 | CT59: 0 | CU59: 0 | CV59: 0 | CW59: 0 | CX59: 0 | CY59: 0 | CZ59: SANDALIA BAIXA NOBUCK 22022303 VIA FASHI | DA59: CALCADOS | DB59: SANDALIA BAIXA | DC59: CALCADOS 34 - 40 | DD59: PAR | DE59: 0.30000000 | DF59: .T. | DG59: CAMEL | DH59: .F. | DJ59: 22022303 | DK59: 0 | DL59: 0 | DM59: 0 | DN59: 0 | DO59: 1 | DP59: 0 | DQ59: 0 | DR59: 0 | DS59: 0 | DT59: 0 | DU59: 0 | DV59: 0 | DW59: 0 | DX59: 0 | DY59: 0 | DZ59: 0 | EA59: 0 | EB59: 0 | EC59: 0 | ED59: 0 | EE59: 0 | EF59: 0 | EG59: 0 | EH59: 0 | EI59: 0 | EJ59: 0 | EK59: 0 | EL59: 0 | EM59: 0 | EN59: 0 | EO59: 0 | EP59: 0 | EQ59: 0 | ER59: 0 | ES59: 0 | ET59: 0 | EU59: 0 | EV59: 0 | EW59: 0 | EX59: 0 | EY59: 0 | EZ59: 0 | FA59: 0 | FB59: 0 | FC59: 0 | FD59: 0 | FE59: 0 | FF59: 0 | FG59: 1.1111111e+47 | FH59: .F. | FI59: .F. | FJ59: 0 | FK59: 0 | FL59: 0 | FM59: 0 | FN59: 0 | FO59: 0 | FP59: 0 | FQ59: 0 | FR59: 0 | FS59: 0 | FT59: 0 | FU59: 0 | FV59: 0 | FW59: (nulo) | FX59: (nulo) | FY59: (nulo) | FZ59: (nulo) | GA59: (nulo) | GB59: (nulo) | GC59: (nulo) | GD59: (nulo) | GE59: (nulo) | GF59: (nulo) | GG59: (nulo) | GH59: (nulo) | GI59: (nulo) | GJ59: (nulo) | GK59: (nulo) | GL59: (nulo) | GM59: (nulo) | GN59: 0 | GO59: 0 | GP59: 0 | GQ59: 0 | GR59: 0 | GS59: 0 | GT59: 0 | GU59: 0 | GV59: 0 | GW59: 0 | GX59: 0 | GY59: 0 | GZ59: 0 | HA59: 0 | HB59: 0 | HC59: 0 | HD59: 0 | HE59: 0 | HF59: 0 | HG59: 0 | HH59: 0 | HI59: 0 | HJ59: 0 | HK59: 0 | HL59: 0 | HM59: 0 | HN59: 0 | HO59: 0 | HP59: 0 | HQ59: 0 | HR59: 0 | HS59: 0 | HT59: 0
A60: 40037 | B60: 44 | C60: AJUSTES INICIAIL 0103 | E60: 1 | F60: 1 | G60: =E60-F60 -> 0 | H60: 0 | I60: 0 | J60: 0 | K60: 1 | L60: 0 | M60: 0 | N60: 0 | O60: 0 | P60: 0 | Q60: 0 | R60: 0 | S60: 0 | T60: 0 | U60: 0 | V60: 0 | W60: 0 | X60: 0 | Y60: 0 | Z60: 0 | AA60: 0 | AB60: 0 | AC60: 0 | AD60: 0 | AE60: 0 | AF60: 0 | AG60: 0 | AH60: 0 | AI60: 0 | AJ60: 0 | AK60: 0 | AL60: 0 | AM60: 0 | AN60: 0 | AO60: 0 | AP60: 0 | AQ60: 0 | AR60: 0 | AS60: 0 | AT60: 0 | AU60: 0 | AV60: 0 | AW60: 0 | AX60: 0 | AY60: 0 | AZ60: 0 | BA60: 0 | BB60: 0 | BC60: 0 | BD60: 0 | BE60: 0 | BF60: 0 | BG60: 0 | BH60: 0 | BI60: 0 | BJ60: 0 | BK60: 0 | BL60: 0 | BM60: 0 | BN60: 0 | BO60: 0 | BP60: 0 | BQ60: 0 | BR60: 0 | BS60: 0 | BT60: 0 | BU60: 0 | BV60: 0 | BW60: 0 | BX60: 0 | BY60: 0 | BZ60: 0 | CA60: 0 | CB60: 0 | CC60: 0 | CD60: 0 | CE60: 0 | CF60: 0 | CG60: 0 | CH60: 0 | CI60: 0 | CJ60: 0 | CK60: 0 | CL60: 0 | CM60: 0 | CN60: 0 | CO60: 0 | CP60: 0 | CQ60: 0 | CR60: 0 | CS60: 0 | CT60: 0 | CU60: 0 | CV60: 0 | CW60: 0 | CX60: 0 | CY60: 0 | CZ60: SAPATILHA NAPA 3585791 PISAMARE | DA60: CALCADOS | DB60: SAPATILHA | DC60: CALCADOS 33 - 39 | DD60: PAR | DE60: 0.78000000 | DF60: .T. | DG60: AMBAR | DH60: .F. | DJ60: 3585791 | DK60: 0 | DL60: 0 | DM60: 0 | DN60: 1 | DO60: 0 | DP60: 0 | DQ60: 0 | DR60: 0 | DS60: 0 | DT60: 0 | DU60: 0 | DV60: 0 | DW60: 0 | DX60: 0 | DY60: 0 | DZ60: 0 | EA60: 0 | EB60: 0 | EC60: 0 | ED60: 0 | EE60: 0 | EF60: 0 | EG60: 0 | EH60: 0 | EI60: 0 | EJ60: 0 | EK60: 0 | EL60: 0 | EM60: 0 | EN60: 0 | EO60: 0 | EP60: 0 | EQ60: 0 | ER60: 0 | ES60: 0 | ET60: 0 | EU60: 0 | EV60: 0 | EW60: 0 | EX60: 0 | EY60: 0 | EZ60: 0 | FA60: 0 | FB60: 0 | FC60: 0 | FD60: 0 | FE60: 0 | FF60: 0 | FG60: 1.1111111e+47 | FH60: .F. | FI60: .F. | FJ60: 0 | FK60: 0 | FL60: 0 | FM60: 0 | FN60: 0 | FO60: 0 | FP60: 0 | FQ60: 0 | FR60: 0 | FS60: 0 | FT60: 0 | FU60: 0 | FV60: 0 | FW60: (nulo) | FX60: (nulo) | FY60: (nulo) | FZ60: (nulo) | GA60: (nulo) | GB60: (nulo) | GC60: (nulo) | GD60: (nulo) | GE60: (nulo) | GF60: (nulo) | GG60: (nulo) | GH60: (nulo) | GI60: (nulo) | GJ60: (nulo) | GK60: (nulo) | GL60: (nulo) | GM60: (nulo) | GN60: 0 | GO60: 0 | GP60: 0 | GQ60: 0 | GR60: 0 | GS60: 0 | GT60: 0 | GU60: 0 | GV60: 0 | GW60: 0 | GX60: 0 | GY60: 0 | GZ60: 0 | HA60: 0 | HB60: 0 | HC60: 0 | HD60: 0 | HE60: 0 | HF60: 0 | HG60: 0 | HH60: 0 | HI60: 0 | HJ60: 0 | HK60: 0 | HL60: 0 | HM60: 0 | HN60: 0 | HO60: 0 | HP60: 0 | HQ60: 0 | HR60: 0 | HS60: 0 | HT60: 0
A61: 40045 | B61: 4 | C61: AJUSTES INICIAIL 0103 | E61: 11 | F61: 11 | G61: =E61-F61 -> 0 | H61: 1 | I61: 2 | J61: 2 | K61: 3 | L61: 0 | M61: 1 | N61: 2 | O61: 0 | P61: 0 | Q61: 0 | R61: 0 | S61: 0 | T61: 0 | U61: 0 | V61: 0 | W61: 0 | X61: 0 | Y61: 0 | Z61: 0 | AA61: 0 | AB61: 0 | AC61: 0 | AD61: 0 | AE61: 0 | AF61: 0 | AG61: 0 | AH61: 0 | AI61: 0 | AJ61: 0 | AK61: 0 | AL61: 0 | AM61: 0 | AN61: 0 | AO61: 0 | AP61: 0 | AQ61: 0 | AR61: 0 | AS61: 0 | AT61: 0 | AU61: 0 | AV61: 0 | AW61: 0 | AX61: 0 | AY61: 0 | AZ61: 0 | BA61: 0 | BB61: 0 | BC61: 0 | BD61: 0 | BE61: 0 | BF61: 0 | BG61: 0 | BH61: 0 | BI61: 0 | BJ61: 0 | BK61: 0 | BL61: 0 | BM61: 0 | BN61: 0 | BO61: 0 | BP61: 0 | BQ61: 0 | BR61: 0 | BS61: 0 | BT61: 0 | BU61: 0 | BV61: 0 | BW61: 0 | BX61: 0 | BY61: 0 | BZ61: 0 | CA61: 0 | CB61: 0 | CC61: 0 | CD61: 0 | CE61: 0 | CF61: 0 | CG61: 0 | CH61: 0 | CI61: 0 | CJ61: 0 | CK61: 0 | CL61: 0 | CM61: 0 | CN61: 0 | CO61: 0 | CP61: 0 | CQ61: 0 | CR61: 0 | CS61: 0 | CT61: 0 | CU61: 0 | CV61: 0 | CW61: 0 | CX61: 0 | CY61: 0 | CZ61: RASTEIRA TRASEIRO DIANA PVC STRASS I102 | DA61: CALCADOS | DB61: RASTEIRA TRASEIRO | DC61: CALCADOS 34 - 40 | DD61: PAR | DE61: 0.30000000 | DF61: .T. | DG61: MARFIM | DH61: .F. | DJ61: I102 | DK61: 1 | DL61: 2 | DM61: 2 | DN61: 3 | DO61: 0 | DP61: 1 | DQ61: 2 | DR61: 0 | DS61: 0 | DT61: 0 | DU61: 0 | DV61: 0 | DW61: 0 | DX61: 0 | DY61: 0 | DZ61: 0 | EA61: 0 | EB61: 0 | EC61: 0 | ED61: 0 | EE61: 0 | EF61: 0 | EG61: 0 | EH61: 0 | EI61: 0 | EJ61: 0 | EK61: 0 | EL61: 0 | EM61: 0 | EN61: 0 | EO61: 0 | EP61: 0 | EQ61: 0 | ER61: 0 | ES61: 0 | ET61: 0 | EU61: 0 | EV61: 0 | EW61: 0 | EX61: 0 | EY61: 0 | EZ61: 0 | FA61: 0 | FB61: 0 | FC61: 0 | FD61: 0 | FE61: 0 | FF61: 0 | FG61: 1.1111111e+47 | FH61: .F. | FI61: .F. | FJ61: 0 | FK61: 0 | FL61: 0 | FM61: 0 | FN61: 0 | FO61: 0 | FP61: 0 | FQ61: 0 | FR61: 0 | FS61: 0 | FT61: 0 | FU61: 0 | FV61: 0 | FW61: (nulo) | FX61: (nulo) | FY61: (nulo) | FZ61: (nulo) | GA61: (nulo) | GB61: (nulo) | GC61: (nulo) | GD61: (nulo) | GE61: (nulo) | GF61: (nulo) | GG61: (nulo) | GH61: (nulo) | GI61: (nulo) | GJ61: (nulo) | GK61: (nulo) | GL61: (nulo) | GM61: (nulo) | GN61: 0 | GO61: 0 | GP61: 0 | GQ61: 0 | GR61: 0 | GS61: 0 | GT61: 0 | GU61: 0 | GV61: 0 | GW61: 0 | GX61: 0 | GY61: 0 | GZ61: 0 | HA61: 0 | HB61: 0 | HC61: 0 | HD61: 0 | HE61: 0 | HF61: 0 | HG61: 0 | HH61: 0 | HI61: 0 | HJ61: 0 | HK61: 0 | HL61: 0 | HM61: 0 | HN61: 0 | HO61: 0 | HP61: 0 | HQ61: 0 | HR61: 0 | HS61: 0 | HT61: 0
A62: 40045 | B62: 212 | C62: AJUSTES INICIAIL 0103 | E62: 4 | F62: 4 | G62: =E62-F62 -> 0 | H62: 1 | I62: 1 | J62: 0 | K62: 1 | L62: 1 | M62: 0 | N62: 0 | O62: 0 | P62: 0 | Q62: 0 | R62: 0 | S62: 0 | T62: 0 | U62: 0 | V62: 0 | W62: 0 | X62: 0 | Y62: 0 | Z62: 0 | AA62: 0 | AB62: 0 | AC62: 0 | AD62: 0 | AE62: 0 | AF62: 0 | AG62: 0 | AH62: 0 | AI62: 0 | AJ62: 0 | AK62: 0 | AL62: 0 | AM62: 0 | AN62: 0 | AO62: 0 | AP62: 0 | AQ62: 0 | AR62: 0 | AS62: 0 | AT62: 0 | AU62: 0 | AV62: 0 | AW62: 0 | AX62: 0 | AY62: 0 | AZ62: 0 | BA62: 0 | BB62: 0 | BC62: 0 | BD62: 0 | BE62: 0 | BF62: 0 | BG62: 0 | BH62: 0 | BI62: 0 | BJ62: 0 | BK62: 0 | BL62: 0 | BM62: 0 | BN62: 0 | BO62: 0 | BP62: 0 | BQ62: 0 | BR62: 0 | BS62: 0 | BT62: 0 | BU62: 0 | BV62: 0 | BW62: 0 | BX62: 0 | BY62: 0 | BZ62: 0 | CA62: 0 | CB62: 0 | CC62: 0 | CD62: 0 | CE62: 0 | CF62: 0 | CG62: 0 | CH62: 0 | CI62: 0 | CJ62: 0 | CK62: 0 | CL62: 0 | CM62: 0 | CN62: 0 | CO62: 0 | CP62: 0 | CQ62: 0 | CR62: 0 | CS62: 0 | CT62: 0 | CU62: 0 | CV62: 0 | CW62: 0 | CX62: 0 | CY62: 0 | CZ62: RASTEIRA TRASEIRO DIANA PVC STRASS I102 | DA62: CALCADOS | DB62: RASTEIRA TRASEIRO | DC62: CALCADOS 34 - 40 | DD62: PAR | DE62: 0.30000000 | DF62: .T. | DG62: DOURADO | DH62: .F. | DJ62: I102 | DK62: 1 | DL62: 1 | DM62: 0 | DN62: 1 | DO62: 1 | DP62: 0 | DQ62: 0 | DR62: 0 | DS62: 0 | DT62: 0 | DU62: 0 | DV62: 0 | DW62: 0 | DX62: 0 | DY62: 0 | DZ62: 0 | EA62: 0 | EB62: 0 | EC62: 0 | ED62: 0 | EE62: 0 | EF62: 0 | EG62: 0 | EH62: 0 | EI62: 0 | EJ62: 0 | EK62: 0 | EL62: 0 | EM62: 0 | EN62: 0 | EO62: 0 | EP62: 0 | EQ62: 0 | ER62: 0 | ES62: 0 | ET62: 0 | EU62: 0 | EV62: 0 | EW62: 0 | EX62: 0 | EY62: 0 | EZ62: 0 | FA62: 0 | FB62: 0 | FC62: 0 | FD62: 0 | FE62: 0 | FF62: 0 | FG62: 1.1111111e+47 | FH62: .F. | FI62: .F. | FJ62: 0 | FK62: 0 | FL62: 0 | FM62: 0 | FN62: 0 | FO62: 0 | FP62: 0 | FQ62: 0 | FR62: 0 | FS62: 0 | FT62: 0 | FU62: 0 | FV62: 0 | FW62: (nulo) | FX62: (nulo) | FY62: (nulo) | FZ62: (nulo) | GA62: (nulo) | GB62: (nulo) | GC62: (nulo) | GD62: (nulo) | GE62: (nulo) | GF62: (nulo) | GG62: (nulo) | GH62: (nulo) | GI62: (nulo) | GJ62: (nulo) | GK62: (nulo) | GL62: (nulo) | GM62: (nulo) | GN62: 0 | GO62: 0 | GP62: 0 | GQ62: 0 | GR62: 0 | GS62: 0 | GT62: 0 | GU62: 0 | GV62: 0 | GW62: 0 | GX62: 0 | GY62: 0 | GZ62: 0 | HA62: 0 | HB62: 0 | HC62: 0 | HD62: 0 | HE62: 0 | HF62: 0 | HG62: 0 | HH62: 0 | HI62: 0 | HJ62: 0 | HK62: 0 | HL62: 0 | HM62: 0 | HN62: 0 | HO62: 0 | HP62: 0 | HQ62: 0 | HR62: 0 | HS62: 0 | HT62: 0
A63: 39832 | B63: 2 | C63: AJUSTES INICIAIL 0103 | E63: 12 | F63: 10 | G63: =E63-F63 -> 2 | H63: 3 | I63: 2 | J63: 1 | K63: 4 | L63: 0 | M63: 2 | N63: 0 | O63: 0 | P63: 0 | Q63: 0 | R63: 0 | S63: 0 | T63: 0 | U63: 0 | V63: 0 | W63: 0 | X63: 0 | Y63: 0 | Z63: 0 | AA63: 0 | AB63: 0 | AC63: 0 | AD63: 0 | AE63: 0 | AF63: 0 | AG63: 0 | AH63: 0 | AI63: 0 | AJ63: 0 | AK63: 0 | AL63: 0 | AM63: 0 | AN63: 0 | AO63: 0 | AP63: 0 | AQ63: 0 | AR63: 0 | AS63: 0 | AT63: 0 | AU63: 0 | AV63: 0 | AW63: 0 | AX63: 0 | AY63: 0 | AZ63: 0 | BA63: 0 | BB63: 0 | BC63: 0 | BD63: 0 | BE63: 0 | BF63: 0 | BG63: 0 | BH63: 0 | BI63: 0 | BJ63: 0 | BK63: 0 | BL63: 0 | BM63: 0 | BN63: 0 | BO63: 0 | BP63: 0 | BQ63: 0 | BR63: 0 | BS63: 0 | BT63: 0 | BU63: 0 | BV63: 0 | BW63: 0 | BX63: 0 | BY63: 0 | BZ63: 0 | CA63: 0 | CB63: 0 | CC63: 0 | CD63: 0 | CE63: 0 | CF63: 0 | CG63: 0 | CH63: 0 | CI63: 0 | CJ63: 0 | CK63: 0 | CL63: 0 | CM63: 0 | CN63: 0 | CO63: 0 | CP63: 0 | CQ63: 0 | CR63: 0 | CS63: 0 | CT63: 0 | CU63: 0 | CV63: 0 | CW63: 0 | CX63: 0 | CY63: 0 | CZ63: RASTEIRA CHINELO NAPA GF1518S EMP | DA63: CALCADOS | DB63: RASTEIRA CHINELO | DC63: CALCADOS 34 - 40 | DD63: PAR | DE63: 0.30000000 | DF63: .T. | DG63: PRETA | DH63: .F. | DJ63: GF1518S | DK63: 3 | DL63: 2 | DM63: 1 | DN63: 4 | DO63: 0 | DP63: 2 | DQ63: 0 | DR63: 0 | DS63: 0 | DT63: 0 | DU63: 0 | DV63: 0 | DW63: 0 | DX63: 0 | DY63: 0 | DZ63: 0 | EA63: 0 | EB63: 0 | EC63: 0 | ED63: 0 | EE63: 0 | EF63: 0 | EG63: 0 | EH63: 0 | EI63: 0 | EJ63: 0 | EK63: 0 | EL63: 0 | EM63: 0 | EN63: 0 | EO63: 0 | EP63: 0 | EQ63: 0 | ER63: 0 | ES63: 0 | ET63: 0 | EU63: 0 | EV63: 0 | EW63: 0 | EX63: 0 | EY63: 0 | EZ63: 0 | FA63: 0 | FB63: 0 | FC63: 0 | FD63: 0 | FE63: 0 | FF63: 0 | FG63: 1.1111111e+47 | FH63: .F. | FI63: .F. | FJ63: 0 | FK63: 0 | FL63: 0 | FM63: 0 | FN63: 0 | FO63: 0 | FP63: 0 | FQ63: 0 | FR63: 0 | FS63: 0 | FT63: 0 | FU63: 0 | FV63: 0 | FW63: (nulo) | FX63: (nulo) | FY63: (nulo) | FZ63: (nulo) | GA63: (nulo) | GB63: (nulo) | GC63: (nulo) | GD63: (nulo) | GE63: (nulo) | GF63: (nulo) | GG63: (nulo) | GH63: (nulo) | GI63: (nulo) | GJ63: (nulo) | GK63: (nulo) | GL63: (nulo) | GM63: (nulo) | GN63: 0 | GO63: 0 | GP63: 0 | GQ63: 0 | GR63: 0 | GS63: 0 | GT63: 0 | GU63: 0 | GV63: 0 | GW63: 0 | GX63: 0 | GY63: 0 | GZ63: 0 | HA63: 0 | HB63: 0 | HC63: 0 | HD63: 0 | HE63: 0 | HF63: 0 | HG63: 0 | HH63: 0 | HI63: 0 | HJ63: 0 | HK63: 0 | HL63: 0 | HM63: 0 | HN63: 0 | HO63: 0 | HP63: 0 | HQ63: 0 | HR63: 0 | HS63: 0 | HT63: 0
A64: 42443 | B64: 8316 | C64: AJUSTES INICIAIL 0103 | E64: 12 | F64: 10 | G64: =E64-F64 -> 2 | H64: 1 | I64: 3 | J64: 3 | K64: 2 | L64: 1 | M64: 1 | N64: 1 | O64: 0 | P64: 0 | Q64: 0 | R64: 0 | S64: 0 | T64: 0 | U64: 0 | V64: 0 | W64: 0 | X64: 0 | Y64: 0 | Z64: 0 | AA64: 0 | AB64: 0 | AC64: 0 | AD64: 0 | AE64: 0 | AF64: 0 | AG64: 0 | AH64: 0 | AI64: 0 | AJ64: 0 | AK64: 0 | AL64: 0 | AM64: 0 | AN64: 0 | AO64: 0 | AP64: 0 | AQ64: 0 | AR64: 0 | AS64: 0 | AT64: 0 | AU64: 0 | AV64: 0 | AW64: 0 | AX64: 0 | AY64: 0 | AZ64: 0 | BA64: 0 | BB64: 0 | BC64: 0 | BD64: 0 | BE64: 0 | BF64: 0 | BG64: 0 | BH64: 0 | BI64: 0 | BJ64: 0 | BK64: 0 | BL64: 0 | BM64: 0 | BN64: 0 | BO64: 0 | BP64: 0 | BQ64: 0 | BR64: 0 | BS64: 0 | BT64: 0 | BU64: 0 | BV64: 0 | BW64: 0 | BX64: 0 | BY64: 0 | BZ64: 0 | CA64: 0 | CB64: 0 | CC64: 0 | CD64: 0 | CE64: 0 | CF64: 0 | CG64: 0 | CH64: 0 | CI64: 0 | CJ64: 0 | CK64: 0 | CL64: 0 | CM64: 0 | CN64: 0 | CO64: 0 | CP64: 0 | CQ64: 0 | CR64: 0 | CS64: 0 | CT64: 0 | CU64: 0 | CV64: 0 | CW64: 0 | CX64: 0 | CY64: 0 | CZ64: RASTEIRA TRASEIRO METALIZADO SP604 RHP | DA64: CALCADOS | DB64: RASTEIRA TRASEIRO | DC64: CALCADOS 34 - 40 | DD64: PAR | DE64: 0.42200000 | DF64: .T. | DG64: PRATEADO | DH64: .F. | DJ64: SP604 | DK64: 1 | DL64: 3 | DM64: 3 | DN64: 2 | DO64: 1 | DP64: 1 | DQ64: 1 | DR64: 0 | DS64: 0 | DT64: 0 | DU64: 0 | DV64: 0 | DW64: 0 | DX64: 0 | DY64: 0 | DZ64: 0 | EA64: 0 | EB64: 0 | EC64: 0 | ED64: 0 | EE64: 0 | EF64: 0 | EG64: 0 | EH64: 0 | EI64: 0 | EJ64: 0 | EK64: 0 | EL64: 0 | EM64: 0 | EN64: 0 | EO64: 0 | EP64: 0 | EQ64: 0 | ER64: 0 | ES64: 0 | ET64: 0 | EU64: 0 | EV64: 0 | EW64: 0 | EX64: 0 | EY64: 0 | EZ64: 0 | FA64: 0 | FB64: 0 | FC64: 0 | FD64: 0 | FE64: 0 | FF64: 0 | FG64: 1.1111111e+47 | FH64: .F. | FI64: .F. | FJ64: 0 | FK64: 0 | FL64: 0 | FM64: 0 | FN64: 0 | FO64: 0 | FP64: 0 | FQ64: 0 | FR64: 0 | FS64: 0 | FT64: 0 | FU64: 0 | FV64: 0 | FW64: (nulo) | FX64: (nulo) | FY64: (nulo) | FZ64: (nulo) | GA64: (nulo) | GB64: (nulo) | GC64: (nulo) | GD64: (nulo) | GE64: (nulo) | GF64: (nulo) | GG64: (nulo) | GH64: (nulo) | GI64: (nulo) | GJ64: (nulo) | GK64: (nulo) | GL64: (nulo) | GM64: (nulo) | GN64: 0 | GO64: 0 | GP64: 0 | GQ64: 0 | GR64: 0 | GS64: 0 | GT64: 0 | GU64: 0 | GV64: 0 | GW64: 0 | GX64: 0 | GY64: 0 | GZ64: 0 | HA64: 0 | HB64: 0 | HC64: 0 | HD64: 0 | HE64: 0 | HF64: 0 | HG64: 0 | HH64: 0 | HI64: 0 | HJ64: 0 | HK64: 0 | HL64: 0 | HM64: 0 | HN64: 0 | HO64: 0 | HP64: 0 | HQ64: 0 | HR64: 0 | HS64: 0 | HT64: 0
A65: 40045 | B65: 2 | C65: AJUSTES INICIAIL 0103 | E65: 1 | F65: 1 | G65: =E65-F65 -> 0 | H65: 0 | I65: 0 | J65: 0 | K65: 1 | L65: 0 | M65: 0 | N65: 0 | O65: 0 | P65: 0 | Q65: 0 | R65: 0 | S65: 0 | T65: 0 | U65: 0 | V65: 0 | W65: 0 | X65: 0 | Y65: 0 | Z65: 0 | AA65: 0 | AB65: 0 | AC65: 0 | AD65: 0 | AE65: 0 | AF65: 0 | AG65: 0 | AH65: 0 | AI65: 0 | AJ65: 0 | AK65: 0 | AL65: 0 | AM65: 0 | AN65: 0 | AO65: 0 | AP65: 0 | AQ65: 0 | AR65: 0 | AS65: 0 | AT65: 0 | AU65: 0 | AV65: 0 | AW65: 0 | AX65: 0 | AY65: 0 | AZ65: 0 | BA65: 0 | BB65: 0 | BC65: 0 | BD65: 0 | BE65: 0 | BF65: 0 | BG65: 0 | BH65: 0 | BI65: 0 | BJ65: 0 | BK65: 0 | BL65: 0 | BM65: 0 | BN65: 0 | BO65: 0 | BP65: 0 | BQ65: 0 | BR65: 0 | BS65: 0 | BT65: 0 | BU65: 0 | BV65: 0 | BW65: 0 | BX65: 0 | BY65: 0 | BZ65: 0 | CA65: 0 | CB65: 0 | CC65: 0 | CD65: 0 | CE65: 0 | CF65: 0 | CG65: 0 | CH65: 0 | CI65: 0 | CJ65: 0 | CK65: 0 | CL65: 0 | CM65: 0 | CN65: 0 | CO65: 0 | CP65: 0 | CQ65: 0 | CR65: 0 | CS65: 0 | CT65: 0 | CU65: 0 | CV65: 0 | CW65: 0 | CX65: 0 | CY65: 0 | CZ65: RASTEIRA TRASEIRO DIANA PVC STRASS I102 | DA65: CALCADOS | DB65: RASTEIRA TRASEIRO | DC65: CALCADOS 34 - 40 | DD65: PAR | DE65: 0.30000000 | DF65: .T. | DG65: PRETA | DH65: .F. | DJ65: I102 | DK65: 0 | DL65: 0 | DM65: 0 | DN65: 1 | DO65: 0 | DP65: 0 | DQ65: 0 | DR65: 0 | DS65: 0 | DT65: 0 | DU65: 0 | DV65: 0 | DW65: 0 | DX65: 0 | DY65: 0 | DZ65: 0 | EA65: 0 | EB65: 0 | EC65: 0 | ED65: 0 | EE65: 0 | EF65: 0 | EG65: 0 | EH65: 0 | EI65: 0 | EJ65: 0 | EK65: 0 | EL65: 0 | EM65: 0 | EN65: 0 | EO65: 0 | EP65: 0 | EQ65: 0 | ER65: 0 | ES65: 0 | ET65: 0 | EU65: 0 | EV65: 0 | EW65: 0 | EX65: 0 | EY65: 0 | EZ65: 0 | FA65: 0 | FB65: 0 | FC65: 0 | FD65: 0 | FE65: 0 | FF65: 0 | FG65: 1.1111111e+47 | FH65: .F. | FI65: .F. | FJ65: 0 | FK65: 0 | FL65: 0 | FM65: 0 | FN65: 0 | FO65: 0 | FP65: 0 | FQ65: 0 | FR65: 0 | FS65: 0 | FT65: 0 | FU65: 0 | FV65: 0 | FW65: (nulo) | FX65: (nulo) | FY65: (nulo) | FZ65: (nulo) | GA65: (nulo) | GB65: (nulo) | GC65: (nulo) | GD65: (nulo) | GE65: (nulo) | GF65: (nulo) | GG65: (nulo) | GH65: (nulo) | GI65: (nulo) | GJ65: (nulo) | GK65: (nulo) | GL65: (nulo) | GM65: (nulo) | GN65: 0 | GO65: 0 | GP65: 0 | GQ65: 0 | GR65: 0 | GS65: 0 | GT65: 0 | GU65: 0 | GV65: 0 | GW65: 0 | GX65: 0 | GY65: 0 | GZ65: 0 | HA65: 0 | HB65: 0 | HC65: 0 | HD65: 0 | HE65: 0 | HF65: 0 | HG65: 0 | HH65: 0 | HI65: 0 | HJ65: 0 | HK65: 0 | HL65: 0 | HM65: 0 | HN65: 0 | HO65: 0 | HP65: 0 | HQ65: 0 | HR65: 0 | HS65: 0 | HT65: 0
A66: 40066 | B66: 30 | C66: AJUSTES INICIAIL 0103 | E66: 2 | F66: 2 | G66: =E66-F66 -> 0 | H66: 2 | I66: 0 | J66: 0 | K66: 0 | L66: 0 | M66: 0 | N66: 0 | O66: 0 | P66: 0 | Q66: 0 | R66: 0 | S66: 0 | T66: 0 | U66: 0 | V66: 0 | W66: 0 | X66: 0 | Y66: 0 | Z66: 0 | AA66: 0 | AB66: 0 | AC66: 0 | AD66: 0 | AE66: 0 | AF66: 0 | AG66: 0 | AH66: 0 | AI66: 0 | AJ66: 0 | AK66: 0 | AL66: 0 | AM66: 0 | AN66: 0 | AO66: 0 | AP66: 0 | AQ66: 0 | AR66: 0 | AS66: 0 | AT66: 0 | AU66: 0 | AV66: 0 | AW66: 0 | AX66: 0 | AY66: 0 | AZ66: 0 | BA66: 0 | BB66: 0 | BC66: 0 | BD66: 0 | BE66: 0 | BF66: 0 | BG66: 0 | BH66: 0 | BI66: 0 | BJ66: 0 | BK66: 0 | BL66: 0 | BM66: 0 | BN66: 0 | BO66: 0 | BP66: 0 | BQ66: 0 | BR66: 0 | BS66: 0 | BT66: 0 | BU66: 0 | BV66: 0 | BW66: 0 | BX66: 0 | BY66: 0 | BZ66: 0 | CA66: 0 | CB66: 0 | CC66: 0 | CD66: 0 | CE66: 0 | CF66: 0 | CG66: 0 | CH66: 0 | CI66: 0 | CJ66: 0 | CK66: 0 | CL66: 0 | CM66: 0 | CN66: 0 | CO66: 0 | CP66: 0 | CQ66: 0 | CR66: 0 | CS66: 0 | CT66: 0 | CU66: 0 | CV66: 0 | CW66: 0 | CX66: 0 | CY66: 0 | CZ66: BOLSA SINT G FLOATER SDP310 SEMAX | DA66: BOLSAS | DB66: BOLSA SINT G | DC66: BOLSAS | DD66: UN | DE66: 0.70000000 | DF66: .T. | DG66: CAMEL | DH66: .F. | DJ66: SDP310 | DK66: 2 | DL66: 0 | DM66: 0 | DN66: 0 | DO66: 0 | DP66: 0 | DQ66: 0 | DR66: 0 | DS66: 0 | DT66: 0 | DU66: 0 | DV66: 0 | DW66: 0 | DX66: 0 | DY66: 0 | DZ66: 0 | EA66: 0 | EB66: 0 | EC66: 0 | ED66: 0 | EE66: 0 | EF66: 0 | EG66: 0 | EH66: 0 | EI66: 0 | EJ66: 0 | EK66: 0 | EL66: 0 | EM66: 0 | EN66: 0 | EO66: 0 | EP66: 0 | EQ66: 0 | ER66: 0 | ES66: 0 | ET66: 0 | EU66: 0 | EV66: 0 | EW66: 0 | EX66: 0 | EY66: 0 | EZ66: 0 | FA66: 0 | FB66: 0 | FC66: 0 | FD66: 0 | FE66: 0 | FF66: 0 | FG66: 1.1111111e+47 | FH66: .F. | FI66: .F. | FJ66: 0 | FK66: 0 | FL66: 0 | FM66: 0 | FN66: 0 | FO66: 0 | FP66: 0 | FQ66: 0 | FR66: 0 | FS66: 0 | FT66: 0 | FU66: 0 | FV66: 0 | FW66: (nulo) | FX66: (nulo) | FY66: (nulo) | FZ66: (nulo) | GA66: (nulo) | GB66: (nulo) | GC66: (nulo) | GD66: (nulo) | GE66: (nulo) | GF66: (nulo) | GG66: (nulo) | GH66: (nulo) | GI66: (nulo) | GJ66: (nulo) | GK66: (nulo) | GL66: (nulo) | GM66: (nulo) | GN66: 0 | GO66: 0 | GP66: 0 | GQ66: 0 | GR66: 0 | GS66: 0 | GT66: 0 | GU66: 0 | GV66: 0 | GW66: 0 | GX66: 0 | GY66: 0 | GZ66: 0 | HA66: 0 | HB66: 0 | HC66: 0 | HD66: 0 | HE66: 0 | HF66: 0 | HG66: 0 | HH66: 0 | HI66: 0 | HJ66: 0 | HK66: 0 | HL66: 0 | HM66: 0 | HN66: 0 | HO66: 0 | HP66: 0 | HQ66: 0 | HR66: 0 | HS66: 0 | HT66: 0
A67: 40069 | B67: 30 | C67: AJUSTES INICIAIL 0103 | E67: 1 | F67: 1 | G67: =E67-F67 -> 0 | H67: 1 | I67: 0 | J67: 0 | K67: 0 | L67: 0 | M67: 0 | N67: 0 | O67: 0 | P67: 0 | Q67: 0 | R67: 0 | S67: 0 | T67: 0 | U67: 0 | V67: 0 | W67: 0 | X67: 0 | Y67: 0 | Z67: 0 | AA67: 0 | AB67: 0 | AC67: 0 | AD67: 0 | AE67: 0 | AF67: 0 | AG67: 0 | AH67: 0 | AI67: 0 | AJ67: 0 | AK67: 0 | AL67: 0 | AM67: 0 | AN67: 0 | AO67: 0 | AP67: 0 | AQ67: 0 | AR67: 0 | AS67: 0 | AT67: 0 | AU67: 0 | AV67: 0 | AW67: 0 | AX67: 0 | AY67: 0 | AZ67: 0 | BA67: 0 | BB67: 0 | BC67: 0 | BD67: 0 | BE67: 0 | BF67: 0 | BG67: 0 | BH67: 0 | BI67: 0 | BJ67: 0 | BK67: 0 | BL67: 0 | BM67: 0 | BN67: 0 | BO67: 0 | BP67: 0 | BQ67: 0 | BR67: 0 | BS67: 0 | BT67: 0 | BU67: 0 | BV67: 0 | BW67: 0 | BX67: 0 | BY67: 0 | BZ67: 0 | CA67: 0 | CB67: 0 | CC67: 0 | CD67: 0 | CE67: 0 | CF67: 0 | CG67: 0 | CH67: 0 | CI67: 0 | CJ67: 0 | CK67: 0 | CL67: 0 | CM67: 0 | CN67: 0 | CO67: 0 | CP67: 0 | CQ67: 0 | CR67: 0 | CS67: 0 | CT67: 0 | CU67: 0 | CV67: 0 | CW67: 0 | CX67: 0 | CY67: 0 | CZ67: BOLSA SINT G MAMUTE SDP313 SEMAX | DA67: BOLSAS | DB67: BOLSA SINT G | DC67: BOLSAS | DD67: UN | DE67: 0.90000000 | DF67: .T. | DG67: CAMEL | DH67: .F. | DJ67: SDP313 | DK67: 1 | DL67: 0 | DM67: 0 | DN67: 0 | DO67: 0 | DP67: 0 | DQ67: 0 | DR67: 0 | DS67: 0 | DT67: 0 | DU67: 0 | DV67: 0 | DW67: 0 | DX67: 0 | DY67: 0 | DZ67: 0 | EA67: 0 | EB67: 0 | EC67: 0 | ED67: 0 | EE67: 0 | EF67: 0 | EG67: 0 | EH67: 0 | EI67: 0 | EJ67: 0 | EK67: 0 | EL67: 0 | EM67: 0 | EN67: 0 | EO67: 0 | EP67: 0 | EQ67: 0 | ER67: 0 | ES67: 0 | ET67: 0 | EU67: 0 | EV67: 0 | EW67: 0 | EX67: 0 | EY67: 0 | EZ67: 0 | FA67: 0 | FB67: 0 | FC67: 0 | FD67: 0 | FE67: 0 | FF67: 0 | FG67: 1.1111111e+47 | FH67: .F. | FI67: .F. | FJ67: 0 | FK67: 0 | FL67: 0 | FM67: 0 | FN67: 0 | FO67: 0 | FP67: 0 | FQ67: 0 | FR67: 0 | FS67: 0 | FT67: 0 | FU67: 0 | FV67: 0 | FW67: (nulo) | FX67: (nulo) | FY67: (nulo) | FZ67: (nulo) | GA67: (nulo) | GB67: (nulo) | GC67: (nulo) | GD67: (nulo) | GE67: (nulo) | GF67: (nulo) | GG67: (nulo) | GH67: (nulo) | GI67: (nulo) | GJ67: (nulo) | GK67: (nulo) | GL67: (nulo) | GM67: (nulo) | GN67: 0 | GO67: 0 | GP67: 0 | GQ67: 0 | GR67: 0 | GS67: 0 | GT67: 0 | GU67: 0 | GV67: 0 | GW67: 0 | GX67: 0 | GY67: 0 | GZ67: 0 | HA67: 0 | HB67: 0 | HC67: 0 | HD67: 0 | HE67: 0 | HF67: 0 | HG67: 0 | HH67: 0 | HI67: 0 | HJ67: 0 | HK67: 0 | HL67: 0 | HM67: 0 | HN67: 0 | HO67: 0 | HP67: 0 | HQ67: 0 | HR67: 0 | HS67: 0 | HT67: 0
A68: 40082 | B68: 162 | C68: AJUSTES INICIAIL 0103 | E68: 5 | F68: 5 | G68: =E68-F68 -> 0 | H68: 0 | I68: 1 | J68: 2 | K68: 0 | L68: 1 | M68: 1 | N68: 0 | O68: 0 | P68: 0 | Q68: 0 | R68: 0 | S68: 0 | T68: 0 | U68: 0 | V68: 0 | W68: 0 | X68: 0 | Y68: 0 | Z68: 0 | AA68: 0 | AB68: 0 | AC68: 0 | AD68: 0 | AE68: 0 | AF68: 0 | AG68: 0 | AH68: 0 | AI68: 0 | AJ68: 0 | AK68: 0 | AL68: 0 | AM68: 0 | AN68: 0 | AO68: 0 | AP68: 0 | AQ68: 0 | AR68: 0 | AS68: 0 | AT68: 0 | AU68: 0 | AV68: 0 | AW68: 0 | AX68: 0 | AY68: 0 | AZ68: 0 | BA68: 0 | BB68: 0 | BC68: 0 | BD68: 0 | BE68: 0 | BF68: 0 | BG68: 0 | BH68: 0 | BI68: 0 | BJ68: 0 | BK68: 0 | BL68: 0 | BM68: 0 | BN68: 0 | BO68: 0 | BP68: 0 | BQ68: 0 | BR68: 0 | BS68: 0 | BT68: 0 | BU68: 0 | BV68: 0 | BW68: 0 | BX68: 0 | BY68: 0 | BZ68: 0 | CA68: 0 | CB68: 0 | CC68: 0 | CD68: 0 | CE68: 0 | CF68: 0 | CG68: 0 | CH68: 0 | CI68: 0 | CJ68: 0 | CK68: 0 | CL68: 0 | CM68: 0 | CN68: 0 | CO68: 0 | CP68: 0 | CQ68: 0 | CR68: 0 | CS68: 0 | CT68: 0 | CU68: 0 | CV68: 0 | CW68: 0 | CX68: 0 | CY68: 0 | CZ68: SANDALIA ALTA NAPA 644011 DOLCCINI | DA68: CALCADOS | DB68: SANDALIA ALTA | DC68: CALCADOS 34 - 39 | DD68: PAR | DE68: 0.35000000 | DF68: .T. | DG68: ROSADO | DH68: .F. | DJ68: 644011 | DK68: 0 | DL68: 1 | DM68: 2 | DN68: 0 | DO68: 1 | DP68: 1 | DQ68: 0 | DR68: 0 | DS68: 0 | DT68: 0 | DU68: 0 | DV68: 0 | DW68: 0 | DX68: 0 | DY68: 0 | DZ68: 0 | EA68: 0 | EB68: 0 | EC68: 0 | ED68: 0 | EE68: 0 | EF68: 0 | EG68: 0 | EH68: 0 | EI68: 0 | EJ68: 0 | EK68: 0 | EL68: 0 | EM68: 0 | EN68: 0 | EO68: 0 | EP68: 0 | EQ68: 0 | ER68: 0 | ES68: 0 | ET68: 0 | EU68: 0 | EV68: 0 | EW68: 0 | EX68: 0 | EY68: 0 | EZ68: 0 | FA68: 0 | FB68: 0 | FC68: 0 | FD68: 0 | FE68: 0 | FF68: 0 | FG68: 1.1111111e+47 | FH68: .F. | FI68: .F. | FJ68: 0 | FK68: 0 | FL68: 0 | FM68: 0 | FN68: 0 | FO68: 0 | FP68: 0 | FQ68: 0 | FR68: 0 | FS68: 0 | FT68: 0 | FU68: 0 | FV68: 0 | FW68: (nulo) | FX68: (nulo) | FY68: (nulo) | FZ68: (nulo) | GA68: (nulo) | GB68: (nulo) | GC68: (nulo) | GD68: (nulo) | GE68: (nulo) | GF68: (nulo) | GG68: (nulo) | GH68: (nulo) | GI68: (nulo) | GJ68: (nulo) | GK68: (nulo) | GL68: (nulo) | GM68: (nulo) | GN68: 0 | GO68: 0 | GP68: 0 | GQ68: 0 | GR68: 0 | GS68: 0 | GT68: 0 | GU68: 0 | GV68: 0 | GW68: 0 | GX68: 0 | GY68: 0 | GZ68: 0 | HA68: 0 | HB68: 0 | HC68: 0 | HD68: 0 | HE68: 0 | HF68: 0 | HG68: 0 | HH68: 0 | HI68: 0 | HJ68: 0 | HK68: 0 | HL68: 0 | HM68: 0 | HN68: 0 | HO68: 0 | HP68: 0 | HQ68: 0 | HR68: 0 | HS68: 0 | HT68: 0
A69: 40082 | B69: 287 | C69: AJUSTES INICIAIL 0103 | E69: 1 | F69: 1 | G69: =E69-F69 -> 0 | H69: 0 | I69: 1 | J69: 0 | K69: 0 | L69: 0 | M69: 0 | N69: 0 | O69: 0 | P69: 0 | Q69: 0 | R69: 0 | S69: 0 | T69: 0 | U69: 0 | V69: 0 | W69: 0 | X69: 0 | Y69: 0 | Z69: 0 | AA69: 0 | AB69: 0 | AC69: 0 | AD69: 0 | AE69: 0 | AF69: 0 | AG69: 0 | AH69: 0 | AI69: 0 | AJ69: 0 | AK69: 0 | AL69: 0 | AM69: 0 | AN69: 0 | AO69: 0 | AP69: 0 | AQ69: 0 | AR69: 0 | AS69: 0 | AT69: 0 | AU69: 0 | AV69: 0 | AW69: 0 | AX69: 0 | AY69: 0 | AZ69: 0 | BA69: 0 | BB69: 0 | BC69: 0 | BD69: 0 | BE69: 0 | BF69: 0 | BG69: 0 | BH69: 0 | BI69: 0 | BJ69: 0 | BK69: 0 | BL69: 0 | BM69: 0 | BN69: 0 | BO69: 0 | BP69: 0 | BQ69: 0 | BR69: 0 | BS69: 0 | BT69: 0 | BU69: 0 | BV69: 0 | BW69: 0 | BX69: 0 | BY69: 0 | BZ69: 0 | CA69: 0 | CB69: 0 | CC69: 0 | CD69: 0 | CE69: 0 | CF69: 0 | CG69: 0 | CH69: 0 | CI69: 0 | CJ69: 0 | CK69: 0 | CL69: 0 | CM69: 0 | CN69: 0 | CO69: 0 | CP69: 0 | CQ69: 0 | CR69: 0 | CS69: 0 | CT69: 0 | CU69: 0 | CV69: 0 | CW69: 0 | CX69: 0 | CY69: 0 | CZ69: SANDALIA ALTA NAPA 644011 DOLCCINI | DA69: CALCADOS | DB69: SANDALIA ALTA | DC69: CALCADOS 34 - 39 | DD69: PAR | DE69: 0.35000000 | DF69: .T. | DG69: AMENDOA | DH69: .F. | DJ69: 644011 | DK69: 0 | DL69: 1 | DM69: 0 | DN69: 0 | DO69: 0 | DP69: 0 | DQ69: 0 | DR69: 0 | DS69: 0 | DT69: 0 | DU69: 0 | DV69: 0 | DW69: 0 | DX69: 0 | DY69: 0 | DZ69: 0 | EA69: 0 | EB69: 0 | EC69: 0 | ED69: 0 | EE69: 0 | EF69: 0 | EG69: 0 | EH69: 0 | EI69: 0 | EJ69: 0 | EK69: 0 | EL69: 0 | EM69: 0 | EN69: 0 | EO69: 0 | EP69: 0 | EQ69: 0 | ER69: 0 | ES69: 0 | ET69: 0 | EU69: 0 | EV69: 0 | EW69: 0 | EX69: 0 | EY69: 0 | EZ69: 0 | FA69: 0 | FB69: 0 | FC69: 0 | FD69: 0 | FE69: 0 | FF69: 0 | FG69: 1.1111111e+47 | FH69: .F. | FI69: .F. | FJ69: 0 | FK69: 0 | FL69: 0 | FM69: 0 | FN69: 0 | FO69: 0 | FP69: 0 | FQ69: 0 | FR69: 0 | FS69: 0 | FT69: 0 | FU69: 0 | FV69: 0 | FW69: (nulo) | FX69: (nulo) | FY69: (nulo) | FZ69: (nulo) | GA69: (nulo) | GB69: (nulo) | GC69: (nulo) | GD69: (nulo) | GE69: (nulo) | GF69: (nulo) | GG69: (nulo) | GH69: (nulo) | GI69: (nulo) | GJ69: (nulo) | GK69: (nulo) | GL69: (nulo) | GM69: (nulo) | GN69: 0 | GO69: 0 | GP69: 0 | GQ69: 0 | GR69: 0 | GS69: 0 | GT69: 0 | GU69: 0 | GV69: 0 | GW69: 0 | GX69: 0 | GY69: 0 | GZ69: 0 | HA69: 0 | HB69: 0 | HC69: 0 | HD69: 0 | HE69: 0 | HF69: 0 | HG69: 0 | HH69: 0 | HI69: 0 | HJ69: 0 | HK69: 0 | HL69: 0 | HM69: 0 | HN69: 0 | HO69: 0 | HP69: 0 | HQ69: 0 | HR69: 0 | HS69: 0 | HT69: 0
A70: 40106 | B70: 5868 | C70: AJUSTES INICIAIL 0103 | E70: 8 | F70: 8 | G70: =E70-F70 -> 0 | H70: 0 | I70: 3 | J70: 3 | K70: 0 | L70: 2 | M70: 0 | N70: 0 | O70: 0 | P70: 0 | Q70: 0 | R70: 0 | S70: 0 | T70: 0 | U70: 0 | V70: 0 | W70: 0 | X70: 0 | Y70: 0 | Z70: 0 | AA70: 0 | AB70: 0 | AC70: 0 | AD70: 0 | AE70: 0 | AF70: 0 | AG70: 0 | AH70: 0 | AI70: 0 | AJ70: 0 | AK70: 0 | AL70: 0 | AM70: 0 | AN70: 0 | AO70: 0 | AP70: 0 | AQ70: 0 | AR70: 0 | AS70: 0 | AT70: 0 | AU70: 0 | AV70: 0 | AW70: 0 | AX70: 0 | AY70: 0 | AZ70: 0 | BA70: 0 | BB70: 0 | BC70: 0 | BD70: 0 | BE70: 0 | BF70: 0 | BG70: 0 | BH70: 0 | BI70: 0 | BJ70: 0 | BK70: 0 | BL70: 0 | BM70: 0 | BN70: 0 | BO70: 0 | BP70: 0 | BQ70: 0 | BR70: 0 | BS70: 0 | BT70: 0 | BU70: 0 | BV70: 0 | BW70: 0 | BX70: 0 | BY70: 0 | BZ70: 0 | CA70: 0 | CB70: 0 | CC70: 0 | CD70: 0 | CE70: 0 | CF70: 0 | CG70: 0 | CH70: 0 | CI70: 0 | CJ70: 0 | CK70: 0 | CL70: 0 | CM70: 0 | CN70: 0 | CO70: 0 | CP70: 0 | CQ70: 0 | CR70: 0 | CS70: 0 | CT70: 0 | CU70: 0 | CV70: 0 | CW70: 0 | CX70: 0 | CY70: 0 | CZ70: SCARPIN PAULA NAPA 3415721 BEBECE | DA70: CALCADOS | DB70: SCARPIN | DC70: CALCADOS 33 - 40 | DD70: PAR | DE70: 0.50000000 | DF70: .T. | DG70: BISCUIT | DH70: .F. | DJ70: 3415721 | DK70: 0 | DL70: 3 | DM70: 3 | DN70: 0 | DO70: 2 | DP70: 0 | DQ70: 0 | DR70: 0 | DS70: 0 | DT70: 0 | DU70: 0 | DV70: 0 | DW70: 0 | DX70: 0 | DY70: 0 | DZ70: 0 | EA70: 0 | EB70: 0 | EC70: 0 | ED70: 0 | EE70: 0 | EF70: 0 | EG70: 0 | EH70: 0 | EI70: 0 | EJ70: 0 | EK70: 0 | EL70: 0 | EM70: 0 | EN70: 0 | EO70: 0 | EP70: 0 | EQ70: 0 | ER70: 0 | ES70: 0 | ET70: 0 | EU70: 0 | EV70: 0 | EW70: 0 | EX70: 0 | EY70: 0 | EZ70: 0 | FA70: 0 | FB70: 0 | FC70: 0 | FD70: 0 | FE70: 0 | FF70: 0 | FG70: 1.1111111e+47 | FH70: .F. | FI70: .F. | FJ70: 0 | FK70: 0 | FL70: 0 | FM70: 0 | FN70: 0 | FO70: 0 | FP70: 0 | FQ70: 0 | FR70: 0 | FS70: 0 | FT70: 0 | FU70: 0 | FV70: 0 | FW70: (nulo) | FX70: (nulo) | FY70: (nulo) | FZ70: (nulo) | GA70: (nulo) | GB70: (nulo) | GC70: (nulo) | GD70: (nulo) | GE70: (nulo) | GF70: (nulo) | GG70: (nulo) | GH70: (nulo) | GI70: (nulo) | GJ70: (nulo) | GK70: (nulo) | GL70: (nulo) | GM70: (nulo) | GN70: 0 | GO70: 0 | GP70: 0 | GQ70: 0 | GR70: 0 | GS70: 0 | GT70: 0 | GU70: 0 | GV70: 0 | GW70: 0 | GX70: 0 | GY70: 0 | GZ70: 0 | HA70: 0 | HB70: 0 | HC70: 0 | HD70: 0 | HE70: 0 | HF70: 0 | HG70: 0 | HH70: 0 | HI70: 0 | HJ70: 0 | HK70: 0 | HL70: 0 | HM70: 0 | HN70: 0 | HO70: 0 | HP70: 0 | HQ70: 0 | HR70: 0 | HS70: 0 | HT70: 0
A71: 40106 | B71: 2 | C71: AJUSTES INICIAIL 0103 | E71: 1 | F71: 1 | G71: =E71-F71 -> 0 | H71: 0 | I71: 0 | J71: 1 | K71: 0 | L71: 0 | M71: 0 | N71: 0 | O71: 0 | P71: 0 | Q71: 0 | R71: 0 | S71: 0 | T71: 0 | U71: 0 | V71: 0 | W71: 0 | X71: 0 | Y71: 0 | Z71: 0 | AA71: 0 | AB71: 0 | AC71: 0 | AD71: 0 | AE71: 0 | AF71: 0 | AG71: 0 | AH71: 0 | AI71: 0 | AJ71: 0 | AK71: 0 | AL71: 0 | AM71: 0 | AN71: 0 | AO71: 0 | AP71: 0 | AQ71: 0 | AR71: 0 | AS71: 0 | AT71: 0 | AU71: 0 | AV71: 0 | AW71: 0 | AX71: 0 | AY71: 0 | AZ71: 0 | BA71: 0 | BB71: 0 | BC71: 0 | BD71: 0 | BE71: 0 | BF71: 0 | BG71: 0 | BH71: 0 | BI71: 0 | BJ71: 0 | BK71: 0 | BL71: 0 | BM71: 0 | BN71: 0 | BO71: 0 | BP71: 0 | BQ71: 0 | BR71: 0 | BS71: 0 | BT71: 0 | BU71: 0 | BV71: 0 | BW71: 0 | BX71: 0 | BY71: 0 | BZ71: 0 | CA71: 0 | CB71: 0 | CC71: 0 | CD71: 0 | CE71: 0 | CF71: 0 | CG71: 0 | CH71: 0 | CI71: 0 | CJ71: 0 | CK71: 0 | CL71: 0 | CM71: 0 | CN71: 0 | CO71: 0 | CP71: 0 | CQ71: 0 | CR71: 0 | CS71: 0 | CT71: 0 | CU71: 0 | CV71: 0 | CW71: 0 | CX71: 0 | CY71: 0 | CZ71: SCARPIN PAULA NAPA 3415721 BEBECE | DA71: CALCADOS | DB71: SCARPIN | DC71: CALCADOS 33 - 40 | DD71: PAR | DE71: 0.50000000 | DF71: .T. | DG71: PRETA | DH71: .F. | DJ71: 3415721 | DK71: 0 | DL71: 0 | DM71: 1 | DN71: 0 | DO71: 0 | DP71: 0 | DQ71: 0 | DR71: 0 | DS71: 0 | DT71: 0 | DU71: 0 | DV71: 0 | DW71: 0 | DX71: 0 | DY71: 0 | DZ71: 0 | EA71: 0 | EB71: 0 | EC71: 0 | ED71: 0 | EE71: 0 | EF71: 0 | EG71: 0 | EH71: 0 | EI71: 0 | EJ71: 0 | EK71: 0 | EL71: 0 | EM71: 0 | EN71: 0 | EO71: 0 | EP71: 0 | EQ71: 0 | ER71: 0 | ES71: 0 | ET71: 0 | EU71: 0 | EV71: 0 | EW71: 0 | EX71: 0 | EY71: 0 | EZ71: 0 | FA71: 0 | FB71: 0 | FC71: 0 | FD71: 0 | FE71: 0 | FF71: 0 | FG71: 1.1111111e+47 | FH71: .F. | FI71: .F. | FJ71: 0 | FK71: 0 | FL71: 0 | FM71: 0 | FN71: 0 | FO71: 0 | FP71: 0 | FQ71: 0 | FR71: 0 | FS71: 0 | FT71: 0 | FU71: 0 | FV71: 0 | FW71: (nulo) | FX71: (nulo) | FY71: (nulo) | FZ71: (nulo) | GA71: (nulo) | GB71: (nulo) | GC71: (nulo) | GD71: (nulo) | GE71: (nulo) | GF71: (nulo) | GG71: (nulo) | GH71: (nulo) | GI71: (nulo) | GJ71: (nulo) | GK71: (nulo) | GL71: (nulo) | GM71: (nulo) | GN71: 0 | GO71: 0 | GP71: 0 | GQ71: 0 | GR71: 0 | GS71: 0 | GT71: 0 | GU71: 0 | GV71: 0 | GW71: 0 | GX71: 0 | GY71: 0 | GZ71: 0 | HA71: 0 | HB71: 0 | HC71: 0 | HD71: 0 | HE71: 0 | HF71: 0 | HG71: 0 | HH71: 0 | HI71: 0 | HJ71: 0 | HK71: 0 | HL71: 0 | HM71: 0 | HN71: 0 | HO71: 0 | HP71: 0 | HQ71: 0 | HR71: 0 | HS71: 0 | HT71: 0
A72: 40137 | B72: 8507 | C72: AJUSTES INICIAIL 0103 | E72: 1 | F72: 1 | G72: =E72-F72 -> 0 | H72: 1 | I72: 0 | J72: 0 | K72: 0 | L72: 0 | M72: 0 | N72: 0 | O72: 0 | P72: 0 | Q72: 0 | R72: 0 | S72: 0 | T72: 0 | U72: 0 | V72: 0 | W72: 0 | X72: 0 | Y72: 0 | Z72: 0 | AA72: 0 | AB72: 0 | AC72: 0 | AD72: 0 | AE72: 0 | AF72: 0 | AG72: 0 | AH72: 0 | AI72: 0 | AJ72: 0 | AK72: 0 | AL72: 0 | AM72: 0 | AN72: 0 | AO72: 0 | AP72: 0 | AQ72: 0 | AR72: 0 | AS72: 0 | AT72: 0 | AU72: 0 | AV72: 0 | AW72: 0 | AX72: 0 | AY72: 0 | AZ72: 0 | BA72: 0 | BB72: 0 | BC72: 0 | BD72: 0 | BE72: 0 | BF72: 0 | BG72: 0 | BH72: 0 | BI72: 0 | BJ72: 0 | BK72: 0 | BL72: 0 | BM72: 0 | BN72: 0 | BO72: 0 | BP72: 0 | BQ72: 0 | BR72: 0 | BS72: 0 | BT72: 0 | BU72: 0 | BV72: 0 | BW72: 0 | BX72: 0 | BY72: 0 | BZ72: 0 | CA72: 0 | CB72: 0 | CC72: 0 | CD72: 0 | CE72: 0 | CF72: 0 | CG72: 0 | CH72: 0 | CI72: 0 | CJ72: 0 | CK72: 0 | CL72: 0 | CM72: 0 | CN72: 0 | CO72: 0 | CP72: 0 | CQ72: 0 | CR72: 0 | CS72: 0 | CT72: 0 | CU72: 0 | CV72: 0 | CW72: 0 | CX72: 0 | CY72: 0 | CZ72: CARTEIRA NAPA CA2402 YEGGUS | DA72: ACESSORIOS | DB72: CARTEIRA | DC72: ACESSORIOS | DD72: UN | DE72: 0.15000000 | DF72: .T. | DG72: CINZA DESERTO | DH72: .F. | DJ72: CA2402 | DK72: 1 | DL72: 0 | DM72: 0 | DN72: 0 | DO72: 0 | DP72: 0 | DQ72: 0 | DR72: 0 | DS72: 0 | DT72: 0 | DU72: 0 | DV72: 0 | DW72: 0 | DX72: 0 | DY72: 0 | DZ72: 0 | EA72: 0 | EB72: 0 | EC72: 0 | ED72: 0 | EE72: 0 | EF72: 0 | EG72: 0 | EH72: 0 | EI72: 0 | EJ72: 0 | EK72: 0 | EL72: 0 | EM72: 0 | EN72: 0 | EO72: 0 | EP72: 0 | EQ72: 0 | ER72: 0 | ES72: 0 | ET72: 0 | EU72: 0 | EV72: 0 | EW72: 0 | EX72: 0 | EY72: 0 | EZ72: 0 | FA72: 0 | FB72: 0 | FC72: 0 | FD72: 0 | FE72: 0 | FF72: 0 | FG72: 1.1111111e+47 | FH72: .F. | FI72: .F. | FJ72: 0 | FK72: 0 | FL72: 0 | FM72: 0 | FN72: 0 | FO72: 0 | FP72: 0 | FQ72: 0 | FR72: 0 | FS72: 0 | FT72: 0 | FU72: 0 | FV72: 0 | FW72: (nulo) | FX72: (nulo) | FY72: (nulo) | FZ72: (nulo) | GA72: (nulo) | GB72: (nulo) | GC72: (nulo) | GD72: (nulo) | GE72: (nulo) | GF72: (nulo) | GG72: (nulo) | GH72: (nulo) | GI72: (nulo) | GJ72: (nulo) | GK72: (nulo) | GL72: (nulo) | GM72: (nulo) | GN72: 0 | GO72: 0 | GP72: 0 | GQ72: 0 | GR72: 0 | GS72: 0 | GT72: 0 | GU72: 0 | GV72: 0 | GW72: 0 | GX72: 0 | GY72: 0 | GZ72: 0 | HA72: 0 | HB72: 0 | HC72: 0 | HD72: 0 | HE72: 0 | HF72: 0 | HG72: 0 | HH72: 0 | HI72: 0 | HJ72: 0 | HK72: 0 | HL72: 0 | HM72: 0 | HN72: 0 | HO72: 0 | HP72: 0 | HQ72: 0 | HR72: 0 | HS72: 0 | HT72: 0
A73: 40139 | B73: 11 | C73: AJUSTES INICIAIL 0103 | E73: 4 | F73: 4 | G73: =E73-F73 -> 0 | H73: 0 | I73: 1 | J73: 1 | K73: 1 | L73: 0 | M73: 1 | N73: 0 | O73: 0 | P73: 0 | Q73: 0 | R73: 0 | S73: 0 | T73: 0 | U73: 0 | V73: 0 | W73: 0 | X73: 0 | Y73: 0 | Z73: 0 | AA73: 0 | AB73: 0 | AC73: 0 | AD73: 0 | AE73: 0 | AF73: 0 | AG73: 0 | AH73: 0 | AI73: 0 | AJ73: 0 | AK73: 0 | AL73: 0 | AM73: 0 | AN73: 0 | AO73: 0 | AP73: 0 | AQ73: 0 | AR73: 0 | AS73: 0 | AT73: 0 | AU73: 0 | AV73: 0 | AW73: 0 | AX73: 0 | AY73: 0 | AZ73: 0 | BA73: 0 | BB73: 0 | BC73: 0 | BD73: 0 | BE73: 0 | BF73: 0 | BG73: 0 | BH73: 0 | BI73: 0 | BJ73: 0 | BK73: 0 | BL73: 0 | BM73: 0 | BN73: 0 | BO73: 0 | BP73: 0 | BQ73: 0 | BR73: 0 | BS73: 0 | BT73: 0 | BU73: 0 | BV73: 0 | BW73: 0 | BX73: 0 | BY73: 0 | BZ73: 0 | CA73: 0 | CB73: 0 | CC73: 0 | CD73: 0 | CE73: 0 | CF73: 0 | CG73: 0 | CH73: 0 | CI73: 0 | CJ73: 0 | CK73: 0 | CL73: 0 | CM73: 0 | CN73: 0 | CO73: 0 | CP73: 0 | CQ73: 0 | CR73: 0 | CS73: 0 | CT73: 0 | CU73: 0 | CV73: 0 | CW73: 0 | CX73: 0 | CY73: 0 | CZ73: SANDALIA MEDIA NAPA 4436211 DANDARA | DA73: CALCADOS | DB73: SANDALIA MEDIA | DC73: CALCADOS 33 - 39 | DD73: PAR | DE73: 0.98000000 | DF73: .T. | DG73: VERMELHO | DH73: .F. | DJ73: 4436211 | DK73: 0 | DL73: 1 | DM73: 1 | DN73: 1 | DO73: 0 | DP73: 1 | DQ73: 0 | DR73: 0 | DS73: 0 | DT73: 0 | DU73: 0 | DV73: 0 | DW73: 0 | DX73: 0 | DY73: 0 | DZ73: 0 | EA73: 0 | EB73: 0 | EC73: 0 | ED73: 0 | EE73: 0 | EF73: 0 | EG73: 0 | EH73: 0 | EI73: 0 | EJ73: 0 | EK73: 0 | EL73: 0 | EM73: 0 | EN73: 0 | EO73: 0 | EP73: 0 | EQ73: 0 | ER73: 0 | ES73: 0 | ET73: 0 | EU73: 0 | EV73: 0 | EW73: 0 | EX73: 0 | EY73: 0 | EZ73: 0 | FA73: 0 | FB73: 0 | FC73: 0 | FD73: 0 | FE73: 0 | FF73: 0 | FG73: 1.1111111e+47 | FH73: .F. | FI73: .F. | FJ73: 0 | FK73: 0 | FL73: 0 | FM73: 0 | FN73: 0 | FO73: 0 | FP73: 0 | FQ73: 0 | FR73: 0 | FS73: 0 | FT73: 0 | FU73: 0 | FV73: 0 | FW73: (nulo) | FX73: (nulo) | FY73: (nulo) | FZ73: (nulo) | GA73: (nulo) | GB73: (nulo) | GC73: (nulo) | GD73: (nulo) | GE73: (nulo) | GF73: (nulo) | GG73: (nulo) | GH73: (nulo) | GI73: (nulo) | GJ73: (nulo) | GK73: (nulo) | GL73: (nulo) | GM73: (nulo) | GN73: 0 | GO73: 0 | GP73: 0 | GQ73: 0 | GR73: 0 | GS73: 0 | GT73: 0 | GU73: 0 | GV73: 0 | GW73: 0 | GX73: 0 | GY73: 0 | GZ73: 0 | HA73: 0 | HB73: 0 | HC73: 0 | HD73: 0 | HE73: 0 | HF73: 0 | HG73: 0 | HH73: 0 | HI73: 0 | HJ73: 0 | HK73: 0 | HL73: 0 | HM73: 0 | HN73: 0 | HO73: 0 | HP73: 0 | HQ73: 0 | HR73: 0 | HS73: 0 | HT73: 0
A74: 40139 | B74: 2 | C74: AJUSTES INICIAIL 0103 | E74: 1 | F74: 1 | G74: =E74-F74 -> 0 | H74: 0 | I74: 0 | J74: 0 | K74: 0 | L74: 0 | M74: 0 | N74: 1 | O74: 0 | P74: 0 | Q74: 0 | R74: 0 | S74: 0 | T74: 0 | U74: 0 | V74: 0 | W74: 0 | X74: 0 | Y74: 0 | Z74: 0 | AA74: 0 | AB74: 0 | AC74: 0 | AD74: 0 | AE74: 0 | AF74: 0 | AG74: 0 | AH74: 0 | AI74: 0 | AJ74: 0 | AK74: 0 | AL74: 0 | AM74: 0 | AN74: 0 | AO74: 0 | AP74: 0 | AQ74: 0 | AR74: 0 | AS74: 0 | AT74: 0 | AU74: 0 | AV74: 0 | AW74: 0 | AX74: 0 | AY74: 0 | AZ74: 0 | BA74: 0 | BB74: 0 | BC74: 0 | BD74: 0 | BE74: 0 | BF74: 0 | BG74: 0 | BH74: 0 | BI74: 0 | BJ74: 0 | BK74: 0 | BL74: 0 | BM74: 0 | BN74: 0 | BO74: 0 | BP74: 0 | BQ74: 0 | BR74: 0 | BS74: 0 | BT74: 0 | BU74: 0 | BV74: 0 | BW74: 0 | BX74: 0 | BY74: 0 | BZ74: 0 | CA74: 0 | CB74: 0 | CC74: 0 | CD74: 0 | CE74: 0 | CF74: 0 | CG74: 0 | CH74: 0 | CI74: 0 | CJ74: 0 | CK74: 0 | CL74: 0 | CM74: 0 | CN74: 0 | CO74: 0 | CP74: 0 | CQ74: 0 | CR74: 0 | CS74: 0 | CT74: 0 | CU74: 0 | CV74: 0 | CW74: 0 | CX74: 0 | CY74: 0 | CZ74: SANDALIA MEDIA NAPA 4436211 DANDARA | DA74: CALCADOS | DB74: SANDALIA MEDIA | DC74: CALCADOS 33 - 39 | DD74: PAR | DE74: 0.98000000 | DF74: .T. | DG74: PRETA | DH74: .F. | DJ74: 4436211 | DK74: 0 | DL74: 0 | DM74: 0 | DN74: 0 | DO74: 0 | DP74: 0 | DQ74: 1 | DR74: 0 | DS74: 0 | DT74: 0 | DU74: 0 | DV74: 0 | DW74: 0 | DX74: 0 | DY74: 0 | DZ74: 0 | EA74: 0 | EB74: 0 | EC74: 0 | ED74: 0 | EE74: 0 | EF74: 0 | EG74: 0 | EH74: 0 | EI74: 0 | EJ74: 0 | EK74: 0 | EL74: 0 | EM74: 0 | EN74: 0 | EO74: 0 | EP74: 0 | EQ74: 0 | ER74: 0 | ES74: 0 | ET74: 0 | EU74: 0 | EV74: 0 | EW74: 0 | EX74: 0 | EY74: 0 | EZ74: 0 | FA74: 0 | FB74: 0 | FC74: 0 | FD74: 0 | FE74: 0 | FF74: 0 | FG74: 1.1111111e+47 | FH74: .F. | FI74: .F. | FJ74: 0 | FK74: 0 | FL74: 0 | FM74: 0 | FN74: 0 | FO74: 0 | FP74: 0 | FQ74: 0 | FR74: 0 | FS74: 0 | FT74: 0 | FU74: 0 | FV74: 0 | FW74: (nulo) | FX74: (nulo) | FY74: (nulo) | FZ74: (nulo) | GA74: (nulo) | GB74: (nulo) | GC74: (nulo) | GD74: (nulo) | GE74: (nulo) | GF74: (nulo) | GG74: (nulo) | GH74: (nulo) | GI74: (nulo) | GJ74: (nulo) | GK74: (nulo) | GL74: (nulo) | GM74: (nulo) | GN74: 0 | GO74: 0 | GP74: 0 | GQ74: 0 | GR74: 0 | GS74: 0 | GT74: 0 | GU74: 0 | GV74: 0 | GW74: 0 | GX74: 0 | GY74: 0 | GZ74: 0 | HA74: 0 | HB74: 0 | HC74: 0 | HD74: 0 | HE74: 0 | HF74: 0 | HG74: 0 | HH74: 0 | HI74: 0 | HJ74: 0 | HK74: 0 | HL74: 0 | HM74: 0 | HN74: 0 | HO74: 0 | HP74: 0 | HQ74: 0 | HR74: 0 | HS74: 0 | HT74: 0
A75: 39176 | B75: 8065 | C75: AJUSTES INICIAIL 0103 | E75: 11 | F75: 0 | G75: =E75-F75 -> 11 | H75: 3 | I75: 3 | J75: 3 | K75: 2 | L75: 0 | M75: 0 | N75: 0 | O75: 0 | P75: 0 | Q75: 0 | R75: 0 | S75: 0 | T75: 0 | U75: 0 | V75: 0 | W75: 0 | X75: 0 | Y75: 0 | Z75: 0 | AA75: 0 | AB75: 0 | AC75: 0 | AD75: 0 | AE75: 0 | AF75: 0 | AG75: 0 | AH75: 0 | AI75: 0 | AJ75: 0 | AK75: 0 | AL75: 0 | AM75: 0 | AN75: 0 | AO75: 0 | AP75: 0 | AQ75: 0 | AR75: 0 | AS75: 0 | AT75: 0 | AU75: 0 | AV75: 0 | AW75: 0 | AX75: 0 | AY75: 0 | AZ75: 0 | BA75: 0 | BB75: 0 | BC75: 0 | BD75: 0 | BE75: 0 | BF75: 0 | BG75: 0 | BH75: 0 | BI75: 0 | BJ75: 0 | BK75: 0 | BL75: 0 | BM75: 0 | BN75: 0 | BO75: 0 | BP75: 0 | BQ75: 0 | BR75: 0 | BS75: 0 | BT75: 0 | BU75: 0 | BV75: 0 | BW75: 0 | BX75: 0 | BY75: 0 | BZ75: 0 | CA75: 0 | CB75: 0 | CC75: 0 | CD75: 0 | CE75: 0 | CF75: 0 | CG75: 0 | CH75: 0 | CI75: 0 | CJ75: 0 | CK75: 0 | CL75: 0 | CM75: 0 | CN75: 0 | CO75: 0 | CP75: 0 | CQ75: 0 | CR75: 0 | CS75: 0 | CT75: 0 | CU75: 0 | CV75: 0 | CW75: 0 | CX75: 0 | CY75: 0 | CZ75: CINTO COURO SEMICROMO 784 PORTO MAGGIORE | DA75: ACESSORIOS | DB75: CINTO | DC75: CINTO PP - GG | DD75: UN | DE75: 0.06500000 | DF75: .T. | DG75: HOT PINK | DH75: .F. | DJ75: 784 | DK75: 3 | DL75: 3 | DM75: 3 | DN75: 2 | DO75: 0 | DP75: 0 | DQ75: 0 | DR75: 0 | DS75: 0 | DT75: 0 | DU75: 0 | DV75: 0 | DW75: 0 | DX75: 0 | DY75: 0 | DZ75: 0 | EA75: 0 | EB75: 0 | EC75: 0 | ED75: 0 | EE75: 0 | EF75: 0 | EG75: 0 | EH75: 0 | EI75: 0 | EJ75: 0 | EK75: 0 | EL75: 0 | EM75: 0 | EN75: 0 | EO75: 0 | EP75: 0 | EQ75: 0 | ER75: 0 | ES75: 0 | ET75: 0 | EU75: 0 | EV75: 0 | EW75: 0 | EX75: 0 | EY75: 0 | EZ75: 0 | FA75: 0 | FB75: 0 | FC75: 0 | FD75: 0 | FE75: 0 | FF75: 0 | FG75: 1.1111111e+47 | FH75: .F. | FI75: .F. | FJ75: 0 | FK75: 0 | FL75: 0 | FM75: 0 | FN75: 0 | FO75: 0 | FP75: 0 | FQ75: 0 | FR75: 0 | FS75: 0 | FT75: 0 | FU75: 0 | FV75: 0 | FW75: (nulo) | FX75: (nulo) | FY75: (nulo) | FZ75: (nulo) | GA75: (nulo) | GB75: (nulo) | GC75: (nulo) | GD75: (nulo) | GE75: (nulo) | GF75: (nulo) | GG75: (nulo) | GH75: (nulo) | GI75: (nulo) | GJ75: (nulo) | GK75: (nulo) | GL75: (nulo) | GM75: (nulo) | GN75: 0 | GO75: 0 | GP75: 0 | GQ75: 0 | GR75: 0 | GS75: 0 | GT75: 0 | GU75: 0 | GV75: 0 | GW75: 0 | GX75: 0 | GY75: 0 | GZ75: 0 | HA75: 0 | HB75: 0 | HC75: 0 | HD75: 0 | HE75: 0 | HF75: 0 | HG75: 0 | HH75: 0 | HI75: 0 | HJ75: 0 | HK75: 0 | HL75: 0 | HM75: 0 | HN75: 0 | HO75: 0 | HP75: 0 | HQ75: 0 | HR75: 0 | HS75: 0 | HT75: 0
A76: 40140 | B76: 4539 | C76: AJUSTES INICIAIL 0103 | E76: 1 | F76: 1 | G76: =E76-F76 -> 0 | H76: 0 | I76: 0 | J76: 1 | K76: 0 | L76: 0 | M76: 0 | N76: 0 | O76: 0 | P76: 0 | Q76: 0 | R76: 0 | S76: 0 | T76: 0 | U76: 0 | V76: 0 | W76: 0 | X76: 0 | Y76: 0 | Z76: 0 | AA76: 0 | AB76: 0 | AC76: 0 | AD76: 0 | AE76: 0 | AF76: 0 | AG76: 0 | AH76: 0 | AI76: 0 | AJ76: 0 | AK76: 0 | AL76: 0 | AM76: 0 | AN76: 0 | AO76: 0 | AP76: 0 | AQ76: 0 | AR76: 0 | AS76: 0 | AT76: 0 | AU76: 0 | AV76: 0 | AW76: 0 | AX76: 0 | AY76: 0 | AZ76: 0 | BA76: 0 | BB76: 0 | BC76: 0 | BD76: 0 | BE76: 0 | BF76: 0 | BG76: 0 | BH76: 0 | BI76: 0 | BJ76: 0 | BK76: 0 | BL76: 0 | BM76: 0 | BN76: 0 | BO76: 0 | BP76: 0 | BQ76: 0 | BR76: 0 | BS76: 0 | BT76: 0 | BU76: 0 | BV76: 0 | BW76: 0 | BX76: 0 | BY76: 0 | BZ76: 0 | CA76: 0 | CB76: 0 | CC76: 0 | CD76: 0 | CE76: 0 | CF76: 0 | CG76: 0 | CH76: 0 | CI76: 0 | CJ76: 0 | CK76: 0 | CL76: 0 | CM76: 0 | CN76: 0 | CO76: 0 | CP76: 0 | CQ76: 0 | CR76: 0 | CS76: 0 | CT76: 0 | CU76: 0 | CV76: 0 | CW76: 0 | CX76: 0 | CY76: 0 | CZ76: SANDALIA MEDIA METALIZADO 4436211 DANDAR | DA76: CALCADOS | DB76: SANDALIA MEDIA | DC76: CALCADOS 33 - 39 | DD76: PAR | DE76: 0.98000000 | DF76: .T. | DG76: CHAMPAGNE | DH76: .F. | DJ76: 4436211 | DK76: 0 | DL76: 0 | DM76: 1 | DN76: 0 | DO76: 0 | DP76: 0 | DQ76: 0 | DR76: 0 | DS76: 0 | DT76: 0 | DU76: 0 | DV76: 0 | DW76: 0 | DX76: 0 | DY76: 0 | DZ76: 0 | EA76: 0 | EB76: 0 | EC76: 0 | ED76: 0 | EE76: 0 | EF76: 0 | EG76: 0 | EH76: 0 | EI76: 0 | EJ76: 0 | EK76: 0 | EL76: 0 | EM76: 0 | EN76: 0 | EO76: 0 | EP76: 0 | EQ76: 0 | ER76: 0 | ES76: 0 | ET76: 0 | EU76: 0 | EV76: 0 | EW76: 0 | EX76: 0 | EY76: 0 | EZ76: 0 | FA76: 0 | FB76: 0 | FC76: 0 | FD76: 0 | FE76: 0 | FF76: 0 | FG76: 1.1111111e+47 | FH76: .F. | FI76: .F. | FJ76: 0 | FK76: 0 | FL76: 0 | FM76: 0 | FN76: 0 | FO76: 0 | FP76: 0 | FQ76: 0 | FR76: 0 | FS76: 0 | FT76: 0 | FU76: 0 | FV76: 0 | FW76: (nulo) | FX76: (nulo) | FY76: (nulo) | FZ76: (nulo) | GA76: (nulo) | GB76: (nulo) | GC76: (nulo) | GD76: (nulo) | GE76: (nulo) | GF76: (nulo) | GG76: (nulo) | GH76: (nulo) | GI76: (nulo) | GJ76: (nulo) | GK76: (nulo) | GL76: (nulo) | GM76: (nulo) | GN76: 0 | GO76: 0 | GP76: 0 | GQ76: 0 | GR76: 0 | GS76: 0 | GT76: 0 | GU76: 0 | GV76: 0 | GW76: 0 | GX76: 0 | GY76: 0 | GZ76: 0 | HA76: 0 | HB76: 0 | HC76: 0 | HD76: 0 | HE76: 0 | HF76: 0 | HG76: 0 | HH76: 0 | HI76: 0 | HJ76: 0 | HK76: 0 | HL76: 0 | HM76: 0 | HN76: 0 | HO76: 0 | HP76: 0 | HQ76: 0 | HR76: 0 | HS76: 0 | HT76: 0
A77: 40141 | B77: 8064 | C77: AJUSTES INICIAIL 0103 | E77: 7 | F77: 7 | G77: =E77-F77 -> 0 | H77: 0 | I77: 0 | J77: 0 | K77: 2 | L77: 3 | M77: 0 | N77: 2 | O77: 0 | P77: 0 | Q77: 0 | R77: 0 | S77: 0 | T77: 0 | U77: 0 | V77: 0 | W77: 0 | X77: 0 | Y77: 0 | Z77: 0 | AA77: 0 | AB77: 0 | AC77: 0 | AD77: 0 | AE77: 0 | AF77: 0 | AG77: 0 | AH77: 0 | AI77: 0 | AJ77: 0 | AK77: 0 | AL77: 0 | AM77: 0 | AN77: 0 | AO77: 0 | AP77: 0 | AQ77: 0 | AR77: 0 | AS77: 0 | AT77: 0 | AU77: 0 | AV77: 0 | AW77: 0 | AX77: 0 | AY77: 0 | AZ77: 0 | BA77: 0 | BB77: 0 | BC77: 0 | BD77: 0 | BE77: 0 | BF77: 0 | BG77: 0 | BH77: 0 | BI77: 0 | BJ77: 0 | BK77: 0 | BL77: 0 | BM77: 0 | BN77: 0 | BO77: 0 | BP77: 0 | BQ77: 0 | BR77: 0 | BS77: 0 | BT77: 0 | BU77: 0 | BV77: 0 | BW77: 0 | BX77: 0 | BY77: 0 | BZ77: 0 | CA77: 0 | CB77: 0 | CC77: 0 | CD77: 0 | CE77: 0 | CF77: 0 | CG77: 0 | CH77: 0 | CI77: 0 | CJ77: 0 | CK77: 0 | CL77: 0 | CM77: 0 | CN77: 0 | CO77: 0 | CP77: 0 | CQ77: 0 | CR77: 0 | CS77: 0 | CT77: 0 | CU77: 0 | CV77: 0 | CW77: 0 | CX77: 0 | CY77: 0 | CZ77: SANDALIA ALTA NAPA 4446248 DANDARA PISAM | DA77: CALCADOS | DB77: SANDALIA ALTA | DC77: CALCADOS 33 - 39 | DD77: PAR | DE77: 0.98000000 | DF77: .T. | DG77: COTTON | DH77: .F. | DJ77: 4446248 | DK77: 0 | DL77: 0 | DM77: 0 | DN77: 2 | DO77: 3 | DP77: 0 | DQ77: 2 | DR77: 0 | DS77: 0 | DT77: 0 | DU77: 0 | DV77: 0 | DW77: 0 | DX77: 0 | DY77: 0 | DZ77: 0 | EA77: 0 | EB77: 0 | EC77: 0 | ED77: 0 | EE77: 0 | EF77: 0 | EG77: 0 | EH77: 0 | EI77: 0 | EJ77: 0 | EK77: 0 | EL77: 0 | EM77: 0 | EN77: 0 | EO77: 0 | EP77: 0 | EQ77: 0 | ER77: 0 | ES77: 0 | ET77: 0 | EU77: 0 | EV77: 0 | EW77: 0 | EX77: 0 | EY77: 0 | EZ77: 0 | FA77: 0 | FB77: 0 | FC77: 0 | FD77: 0 | FE77: 0 | FF77: 0 | FG77: 1.1111111e+47 | FH77: .F. | FI77: .F. | FJ77: 0 | FK77: 0 | FL77: 0 | FM77: 0 | FN77: 0 | FO77: 0 | FP77: 0 | FQ77: 0 | FR77: 0 | FS77: 0 | FT77: 0 | FU77: 0 | FV77: 0 | FW77: (nulo) | FX77: (nulo) | FY77: (nulo) | FZ77: (nulo) | GA77: (nulo) | GB77: (nulo) | GC77: (nulo) | GD77: (nulo) | GE77: (nulo) | GF77: (nulo) | GG77: (nulo) | GH77: (nulo) | GI77: (nulo) | GJ77: (nulo) | GK77: (nulo) | GL77: (nulo) | GM77: (nulo) | GN77: 0 | GO77: 0 | GP77: 0 | GQ77: 0 | GR77: 0 | GS77: 0 | GT77: 0 | GU77: 0 | GV77: 0 | GW77: 0 | GX77: 0 | GY77: 0 | GZ77: 0 | HA77: 0 | HB77: 0 | HC77: 0 | HD77: 0 | HE77: 0 | HF77: 0 | HG77: 0 | HH77: 0 | HI77: 0 | HJ77: 0 | HK77: 0 | HL77: 0 | HM77: 0 | HN77: 0 | HO77: 0 | HP77: 0 | HQ77: 0 | HR77: 0 | HS77: 0 | HT77: 0
A78: 40141 | B78: 2 | C78: AJUSTES INICIAIL 0103 | E78: 1 | F78: 1 | G78: =E78-F78 -> 0 | H78: 0 | I78: 0 | J78: 0 | K78: 0 | L78: 0 | M78: 1 | N78: 0 | O78: 0 | P78: 0 | Q78: 0 | R78: 0 | S78: 0 | T78: 0 | U78: 0 | V78: 0 | W78: 0 | X78: 0 | Y78: 0 | Z78: 0 | AA78: 0 | AB78: 0 | AC78: 0 | AD78: 0 | AE78: 0 | AF78: 0 | AG78: 0 | AH78: 0 | AI78: 0 | AJ78: 0 | AK78: 0 | AL78: 0 | AM78: 0 | AN78: 0 | AO78: 0 | AP78: 0 | AQ78: 0 | AR78: 0 | AS78: 0 | AT78: 0 | AU78: 0 | AV78: 0 | AW78: 0 | AX78: 0 | AY78: 0 | AZ78: 0 | BA78: 0 | BB78: 0 | BC78: 0 | BD78: 0 | BE78: 0 | BF78: 0 | BG78: 0 | BH78: 0 | BI78: 0 | BJ78: 0 | BK78: 0 | BL78: 0 | BM78: 0 | BN78: 0 | BO78: 0 | BP78: 0 | BQ78: 0 | BR78: 0 | BS78: 0 | BT78: 0 | BU78: 0 | BV78: 0 | BW78: 0 | BX78: 0 | BY78: 0 | BZ78: 0 | CA78: 0 | CB78: 0 | CC78: 0 | CD78: 0 | CE78: 0 | CF78: 0 | CG78: 0 | CH78: 0 | CI78: 0 | CJ78: 0 | CK78: 0 | CL78: 0 | CM78: 0 | CN78: 0 | CO78: 0 | CP78: 0 | CQ78: 0 | CR78: 0 | CS78: 0 | CT78: 0 | CU78: 0 | CV78: 0 | CW78: 0 | CX78: 0 | CY78: 0 | CZ78: SANDALIA ALTA NAPA 4446248 DANDARA PISAM | DA78: CALCADOS | DB78: SANDALIA ALTA | DC78: CALCADOS 33 - 39 | DD78: PAR | DE78: 0.98000000 | DF78: .T. | DG78: PRETA | DH78: .F. | DJ78: 4446248 | DK78: 0 | DL78: 0 | DM78: 0 | DN78: 0 | DO78: 0 | DP78: 1 | DQ78: 0 | DR78: 0 | DS78: 0 | DT78: 0 | DU78: 0 | DV78: 0 | DW78: 0 | DX78: 0 | DY78: 0 | DZ78: 0 | EA78: 0 | EB78: 0 | EC78: 0 | ED78: 0 | EE78: 0 | EF78: 0 | EG78: 0 | EH78: 0 | EI78: 0 | EJ78: 0 | EK78: 0 | EL78: 0 | EM78: 0 | EN78: 0 | EO78: 0 | EP78: 0 | EQ78: 0 | ER78: 0 | ES78: 0 | ET78: 0 | EU78: 0 | EV78: 0 | EW78: 0 | EX78: 0 | EY78: 0 | EZ78: 0 | FA78: 0 | FB78: 0 | FC78: 0 | FD78: 0 | FE78: 0 | FF78: 0 | FG78: 1.1111111e+47 | FH78: .F. | FI78: .F. | FJ78: 0 | FK78: 0 | FL78: 0 | FM78: 0 | FN78: 0 | FO78: 0 | FP78: 0 | FQ78: 0 | FR78: 0 | FS78: 0 | FT78: 0 | FU78: 0 | FV78: 0 | FW78: (nulo) | FX78: (nulo) | FY78: (nulo) | FZ78: (nulo) | GA78: (nulo) | GB78: (nulo) | GC78: (nulo) | GD78: (nulo) | GE78: (nulo) | GF78: (nulo) | GG78: (nulo) | GH78: (nulo) | GI78: (nulo) | GJ78: (nulo) | GK78: (nulo) | GL78: (nulo) | GM78: (nulo) | GN78: 0 | GO78: 0 | GP78: 0 | GQ78: 0 | GR78: 0 | GS78: 0 | GT78: 0 | GU78: 0 | GV78: 0 | GW78: 0 | GX78: 0 | GY78: 0 | GZ78: 0 | HA78: 0 | HB78: 0 | HC78: 0 | HD78: 0 | HE78: 0 | HF78: 0 | HG78: 0 | HH78: 0 | HI78: 0 | HJ78: 0 | HK78: 0 | HL78: 0 | HM78: 0 | HN78: 0 | HO78: 0 | HP78: 0 | HQ78: 0 | HR78: 0 | HS78: 0 | HT78: 0
A79: 40142 | B79: 4539 | C79: AJUSTES INICIAIL 0103 | E79: 6 | F79: 6 | G79: =E79-F79 -> 0 | H79: 0 | I79: 0 | J79: 1 | K79: 0 | L79: 2 | M79: 3 | N79: 0 | O79: 0 | P79: 0 | Q79: 0 | R79: 0 | S79: 0 | T79: 0 | U79: 0 | V79: 0 | W79: 0 | X79: 0 | Y79: 0 | Z79: 0 | AA79: 0 | AB79: 0 | AC79: 0 | AD79: 0 | AE79: 0 | AF79: 0 | AG79: 0 | AH79: 0 | AI79: 0 | AJ79: 0 | AK79: 0 | AL79: 0 | AM79: 0 | AN79: 0 | AO79: 0 | AP79: 0 | AQ79: 0 | AR79: 0 | AS79: 0 | AT79: 0 | AU79: 0 | AV79: 0 | AW79: 0 | AX79: 0 | AY79: 0 | AZ79: 0 | BA79: 0 | BB79: 0 | BC79: 0 | BD79: 0 | BE79: 0 | BF79: 0 | BG79: 0 | BH79: 0 | BI79: 0 | BJ79: 0 | BK79: 0 | BL79: 0 | BM79: 0 | BN79: 0 | BO79: 0 | BP79: 0 | BQ79: 0 | BR79: 0 | BS79: 0 | BT79: 0 | BU79: 0 | BV79: 0 | BW79: 0 | BX79: 0 | BY79: 0 | BZ79: 0 | CA79: 0 | CB79: 0 | CC79: 0 | CD79: 0 | CE79: 0 | CF79: 0 | CG79: 0 | CH79: 0 | CI79: 0 | CJ79: 0 | CK79: 0 | CL79: 0 | CM79: 0 | CN79: 0 | CO79: 0 | CP79: 0 | CQ79: 0 | CR79: 0 | CS79: 0 | CT79: 0 | CU79: 0 | CV79: 0 | CW79: 0 | CX79: 0 | CY79: 0 | CZ79: SANDALIA ALTA METALIZADO 4446248 DANDARA | DA79: CALCADOS | DB79: SANDALIA ALTA | DC79: CALCADOS 33 - 39 | DD79: PAR | DE79: 0.98000000 | DF79: .T. | DG79: CHAMPAGNE | DH79: .F. | DJ79: 4446248 | DK79: 0 | DL79: 0 | DM79: 1 | DN79: 0 | DO79: 2 | DP79: 3 | DQ79: 0 | DR79: 0 | DS79: 0 | DT79: 0 | DU79: 0 | DV79: 0 | DW79: 0 | DX79: 0 | DY79: 0 | DZ79: 0 | EA79: 0 | EB79: 0 | EC79: 0 | ED79: 0 | EE79: 0 | EF79: 0 | EG79: 0 | EH79: 0 | EI79: 0 | EJ79: 0 | EK79: 0 | EL79: 0 | EM79: 0 | EN79: 0 | EO79: 0 | EP79: 0 | EQ79: 0 | ER79: 0 | ES79: 0 | ET79: 0 | EU79: 0 | EV79: 0 | EW79: 0 | EX79: 0 | EY79: 0 | EZ79: 0 | FA79: 0 | FB79: 0 | FC79: 0 | FD79: 0 | FE79: 0 | FF79: 0 | FG79: 1.1111111e+47 | FH79: .F. | FI79: .F. | FJ79: 0 | FK79: 0 | FL79: 0 | FM79: 0 | FN79: 0 | FO79: 0 | FP79: 0 | FQ79: 0 | FR79: 0 | FS79: 0 | FT79: 0 | FU79: 0 | FV79: 0 | FW79: (nulo) | FX79: (nulo) | FY79: (nulo) | FZ79: (nulo) | GA79: (nulo) | GB79: (nulo) | GC79: (nulo) | GD79: (nulo) | GE79: (nulo) | GF79: (nulo) | GG79: (nulo) | GH79: (nulo) | GI79: (nulo) | GJ79: (nulo) | GK79: (nulo) | GL79: (nulo) | GM79: (nulo) | GN79: 0 | GO79: 0 | GP79: 0 | GQ79: 0 | GR79: 0 | GS79: 0 | GT79: 0 | GU79: 0 | GV79: 0 | GW79: 0 | GX79: 0 | GY79: 0 | GZ79: 0 | HA79: 0 | HB79: 0 | HC79: 0 | HD79: 0 | HE79: 0 | HF79: 0 | HG79: 0 | HH79: 0 | HI79: 0 | HJ79: 0 | HK79: 0 | HL79: 0 | HM79: 0 | HN79: 0 | HO79: 0 | HP79: 0 | HQ79: 0 | HR79: 0 | HS79: 0 | HT79: 0
A80: 40157 | B80: 2 | C80: AJUSTES INICIAIL 0103 | E80: 1 | F80: 1 | G80: =E80-F80 -> 0 | H80: 1 | I80: 0 | J80: 0 | K80: 0 | L80: 0 | M80: 0 | N80: 0 | O80: 0 | P80: 0 | Q80: 0 | R80: 0 | S80: 0 | T80: 0 | U80: 0 | V80: 0 | W80: 0 | X80: 0 | Y80: 0 | Z80: 0 | AA80: 0 | AB80: 0 | AC80: 0 | AD80: 0 | AE80: 0 | AF80: 0 | AG80: 0 | AH80: 0 | AI80: 0 | AJ80: 0 | AK80: 0 | AL80: 0 | AM80: 0 | AN80: 0 | AO80: 0 | AP80: 0 | AQ80: 0 | AR80: 0 | AS80: 0 | AT80: 0 | AU80: 0 | AV80: 0 | AW80: 0 | AX80: 0 | AY80: 0 | AZ80: 0 | BA80: 0 | BB80: 0 | BC80: 0 | BD80: 0 | BE80: 0 | BF80: 0 | BG80: 0 | BH80: 0 | BI80: 0 | BJ80: 0 | BK80: 0 | BL80: 0 | BM80: 0 | BN80: 0 | BO80: 0 | BP80: 0 | BQ80: 0 | BR80: 0 | BS80: 0 | BT80: 0 | BU80: 0 | BV80: 0 | BW80: 0 | BX80: 0 | BY80: 0 | BZ80: 0 | CA80: 0 | CB80: 0 | CC80: 0 | CD80: 0 | CE80: 0 | CF80: 0 | CG80: 0 | CH80: 0 | CI80: 0 | CJ80: 0 | CK80: 0 | CL80: 0 | CM80: 0 | CN80: 0 | CO80: 0 | CP80: 0 | CQ80: 0 | CR80: 0 | CS80: 0 | CT80: 0 | CU80: 0 | CV80: 0 | CW80: 0 | CX80: 0 | CY80: 0 | CZ80: BOLSA COURO P COURO FLOATER M200 LORENA | DA80: BOLSAS | DB80: BOLSA COURO P | DC80: BOLSAS | DD80: UN | DE80: 0.20000000 | DF80: .T. | DG80: PRETA | DH80: .F. | DJ80: M200 | DK80: 1 | DL80: 0 | DM80: 0 | DN80: 0 | DO80: 0 | DP80: 0 | DQ80: 0 | DR80: 0 | DS80: 0 | DT80: 0 | DU80: 0 | DV80: 0 | DW80: 0 | DX80: 0 | DY80: 0 | DZ80: 0 | EA80: 0 | EB80: 0 | EC80: 0 | ED80: 0 | EE80: 0 | EF80: 0 | EG80: 0 | EH80: 0 | EI80: 0 | EJ80: 0 | EK80: 0 | EL80: 0 | EM80: 0 | EN80: 0 | EO80: 0 | EP80: 0 | EQ80: 0 | ER80: 0 | ES80: 0 | ET80: 0 | EU80: 0 | EV80: 0 | EW80: 0 | EX80: 0 | EY80: 0 | EZ80: 0 | FA80: 0 | FB80: 0 | FC80: 0 | FD80: 0 | FE80: 0 | FF80: 0 | FG80: 1.1111111e+47 | FH80: .F. | FI80: .F. | FJ80: 0 | FK80: 0 | FL80: 0 | FM80: 0 | FN80: 0 | FO80: 0 | FP80: 0 | FQ80: 0 | FR80: 0 | FS80: 0 | FT80: 0 | FU80: 0 | FV80: 0 | FW80: (nulo) | FX80: (nulo) | FY80: (nulo) | FZ80: (nulo) | GA80: (nulo) | GB80: (nulo) | GC80: (nulo) | GD80: (nulo) | GE80: (nulo) | GF80: (nulo) | GG80: (nulo) | GH80: (nulo) | GI80: (nulo) | GJ80: (nulo) | GK80: (nulo) | GL80: (nulo) | GM80: (nulo) | GN80: 0 | GO80: 0 | GP80: 0 | GQ80: 0 | GR80: 0 | GS80: 0 | GT80: 0 | GU80: 0 | GV80: 0 | GW80: 0 | GX80: 0 | GY80: 0 | GZ80: 0 | HA80: 0 | HB80: 0 | HC80: 0 | HD80: 0 | HE80: 0 | HF80: 0 | HG80: 0 | HH80: 0 | HI80: 0 | HJ80: 0 | HK80: 0 | HL80: 0 | HM80: 0 | HN80: 0 | HO80: 0 | HP80: 0 | HQ80: 0 | HR80: 0 | HS80: 0 | HT80: 0
A81: 40165 | B81: 3341 | C81: AJUSTES INICIAIL 0103 | E81: 1 | F81: 1 | G81: =E81-F81 -> 0 | H81: 0 | I81: 0 | J81: 0 | K81: 0 | L81: 0 | M81: 1 | N81: 0 | O81: 0 | P81: 0 | Q81: 0 | R81: 0 | S81: 0 | T81: 0 | U81: 0 | V81: 0 | W81: 0 | X81: 0 | Y81: 0 | Z81: 0 | AA81: 0 | AB81: 0 | AC81: 0 | AD81: 0 | AE81: 0 | AF81: 0 | AG81: 0 | AH81: 0 | AI81: 0 | AJ81: 0 | AK81: 0 | AL81: 0 | AM81: 0 | AN81: 0 | AO81: 0 | AP81: 0 | AQ81: 0 | AR81: 0 | AS81: 0 | AT81: 0 | AU81: 0 | AV81: 0 | AW81: 0 | AX81: 0 | AY81: 0 | AZ81: 0 | BA81: 0 | BB81: 0 | BC81: 0 | BD81: 0 | BE81: 0 | BF81: 0 | BG81: 0 | BH81: 0 | BI81: 0 | BJ81: 0 | BK81: 0 | BL81: 0 | BM81: 0 | BN81: 0 | BO81: 0 | BP81: 0 | BQ81: 0 | BR81: 0 | BS81: 0 | BT81: 0 | BU81: 0 | BV81: 0 | BW81: 0 | BX81: 0 | BY81: 0 | BZ81: 0 | CA81: 0 | CB81: 0 | CC81: 0 | CD81: 0 | CE81: 0 | CF81: 0 | CG81: 0 | CH81: 0 | CI81: 0 | CJ81: 0 | CK81: 0 | CL81: 0 | CM81: 0 | CN81: 0 | CO81: 0 | CP81: 0 | CQ81: 0 | CR81: 0 | CS81: 0 | CT81: 0 | CU81: 0 | CV81: 0 | CW81: 0 | CX81: 0 | CY81: 0 | CZ81: TAMANCO TRISSE 124113715 KARYBY | DA81: CALCADOS | DB81: TAMANCO | DC81: CALCADOS 33 - 40 | DD81: PAR | DE81: 0.76000000 | DF81: .T. | DG81: MILK | DH81: .F. | DJ81: 124113715 | DK81: 0 | DL81: 0 | DM81: 0 | DN81: 0 | DO81: 0 | DP81: 1 | DQ81: 0 | DR81: 0 | DS81: 0 | DT81: 0 | DU81: 0 | DV81: 0 | DW81: 0 | DX81: 0 | DY81: 0 | DZ81: 0 | EA81: 0 | EB81: 0 | EC81: 0 | ED81: 0 | EE81: 0 | EF81: 0 | EG81: 0 | EH81: 0 | EI81: 0 | EJ81: 0 | EK81: 0 | EL81: 0 | EM81: 0 | EN81: 0 | EO81: 0 | EP81: 0 | EQ81: 0 | ER81: 0 | ES81: 0 | ET81: 0 | EU81: 0 | EV81: 0 | EW81: 0 | EX81: 0 | EY81: 0 | EZ81: 0 | FA81: 0 | FB81: 0 | FC81: 0 | FD81: 0 | FE81: 0 | FF81: 0 | FG81: 1.1111111e+47 | FH81: .F. | FI81: .F. | FJ81: 0 | FK81: 0 | FL81: 0 | FM81: 0 | FN81: 0 | FO81: 0 | FP81: 0 | FQ81: 0 | FR81: 0 | FS81: 0 | FT81: 0 | FU81: 0 | FV81: 0 | FW81: (nulo) | FX81: (nulo) | FY81: (nulo) | FZ81: (nulo) | GA81: (nulo) | GB81: (nulo) | GC81: (nulo) | GD81: (nulo) | GE81: (nulo) | GF81: (nulo) | GG81: (nulo) | GH81: (nulo) | GI81: (nulo) | GJ81: (nulo) | GK81: (nulo) | GL81: (nulo) | GM81: (nulo) | GN81: 0 | GO81: 0 | GP81: 0 | GQ81: 0 | GR81: 0 | GS81: 0 | GT81: 0 | GU81: 0 | GV81: 0 | GW81: 0 | GX81: 0 | GY81: 0 | GZ81: 0 | HA81: 0 | HB81: 0 | HC81: 0 | HD81: 0 | HE81: 0 | HF81: 0 | HG81: 0 | HH81: 0 | HI81: 0 | HJ81: 0 | HK81: 0 | HL81: 0 | HM81: 0 | HN81: 0 | HO81: 0 | HP81: 0 | HQ81: 0 | HR81: 0 | HS81: 0 | HT81: 0
